subreddit,selftext,title,author_fullname,upvote_ratio,ups,created,created_utc,num_comments,author,id
FoodPorn,,Texas BBQ… in Japan,t2_3x3xs,0.97,27228,1737520693.0,1737520693.0,418,cookingboy,1i735w1
FoodPorn,"[Full recipe available here.](https://www.plantifulpalate.com/post/vegan-ravioli)


Ingredients:

For the Ravioli Dough:

- 300g all-purpose flour
- 100g semolina flour
- 1 tsp salt
- 200ml warm water
- 2 tbsp olive oil

For the Ravioli Filling:

- 200g firm tofu, crumbled
- 2 tbsp nutritional yeast
- 1 clove garlic, minced
- 1 tbsp lemon juice
- Salt and black pepper, to taste

For the Roasted Red Pepper Sauce:

- 3 large red bell peppers
- 2 tbsp olive oil
- 1 medium onion, finely chopped
- 3 cloves garlic, minced
- 200ml vegan cream cheese
- 1 tbsp nutritional yeast
- 1 tsp smoked paprika
- 1 tsp dried oregano
- Salt and freshly ground black pepper, to taste
- 1 tsp lemon juice

For Garnish:

- Fresh basil leaves, chopped

Method:

1. Preheat your oven to 200°C. Cut the red bell peppers in half and remove the seeds and membranes. Place them on a baking tray lined with parchment paper, cut side down. Roast for 20-25 minutes, or until the skin is charred and blistered. Once roasted, place the peppers in a bowl and cover with cling film for 10 minutes to steam. Peel off the skin and set the roasted peppers aside.

2. In a large frying pan, heat 1 tablespoon of olive oil over medium heat. Add the chopped onion and sauté for 5-6 minutes until softened and translucent. Stir in the minced garlic and cook for another 1-2 minutes until fragrant.

3. Add the roasted red peppers to a blender, along with the sautéed onion and garlic. Spoon in the vegan cream cheese, nutritional yeast, smoked paprika, and dried oregano. Blend until the mixture is smooth and creamy. Season with salt, black pepper, and lemon juice to taste.

4. To make the ravioli dough, combine the all-purpose flour, semolina flour, and salt in a large bowl. Make a well in the centre and add the warm water and olive oil. Mix until a dough forms, then knead on a floured surface for 8-10 minutes until smooth and elastic. Wrap in cling film and let it rest for 20 minutes.

5. While the dough is resting, prepare the filling. In a medium bowl, combine the crumbled tofu, nutritional yeast, minced garlic, lemon juice, salt, and black pepper. Mix well until evenly combined.

6. Once the dough has rested, divide it into two equal portions. Roll each portion out on a floured surface until it is very thin (about 2mm thick). Place small spoonfuls of the filling, about 4cm apart, on one sheet of the rolled dough. Place the second sheet of dough over the top, pressing around each mound of filling to seal. Use a knife or ravioli cutter to cut out individual ravioli pieces, ensuring the edges are sealed well.

7. Bring a large pot of salted water to a boil. Cook the ravioli in batches for 3-4 minutes, or until they float to the surface. Drain and set aside.

8. Pour the blended roasted red pepper sauce back into the frying pan and warm it over low heat. Add the cooked ravioli to the sauce, gently tossing to coat each piece in the creamy sauce.

9. Divide the creamy ravioli between four bowls. Garnish with chopped fresh basil leaves for a burst of colour and flavour.
",Roasted Red Pepper Ravioli,t2_2t7zs0u,0.98,17911,1732380190.0,1732380190.0,107,Whiterabbit2000,1gy3u1a
FoodPorn,"Pork Belly Burnt Ends 

https://pauliesaucerecipes.com/post/pork-belly-burnt-ends/

Ingredients 

1 slab of pork belly approx. 10 pounds (Skin off)

2-3 tablespoons of BBQ seasoning

2 tablespoons of brown sugar

1 tablespoon of honey

1 ½ sticks of unsalted butter

½ cup of BBQ sauce

Instructions 

Cube up all your pork belly in 1x1 inch cubes 

Season pork belly cubes on all sides with bbq seasoning 

Place your pork belly on a chicken rack  (this will make it easier to transport the pork belly on and off the smoker) 

Smoke your pork belly at 250 degrees for 3 hours 

After 1 hour of cook time spritz the pork belly every 30 minutes 

Once you get the bark you are looking for place all the pork belly cubes into a deep dish bbq tray 

Slice up your butter into pads and place them throughout the tray 

Sprinkle your brown sugar & drizzle with honey over the top of the pork belly 

Cover with aluminum foil 

Bump up the heat to 275 and let the pork belly braise for 1 hour 

After 1 hour drain all the liquid out of the tray and drizzle bbq sauce over the pork belly 

Toss the pork belly gently and place back in your smoker for 10-15 minutes 

Once your sauce is sticky the pork belly burnt ends are done!
",Pork Belly Burnt Ends ,t2_vk7icoz80,0.96,11590,1725913907.0,1725913907.0,155,Paulie_saucee,1fczo12
FoodPorn,,Pork Dumplings with Chilli and Sesame seed oil sauce,t2_5i88s,0.98,9371,1726878017.0,1726878017.0,71,binaryboy001,1flqmw9
FoodPorn,,[OC] Steak & lobster mac,t2_16s9x8,0.96,7960,1724521034.0,1724521034.0,82,chashaoballs,1f0axd1
FoodPorn,,My wife's homemade tomatoe soup and grilled cheese. ,t2_9wt5p,0.97,7554,1736636566.0,1736636566.0,93,Gumby507,1hz8gdv
FoodPorn,"More leftover Brisket 

So I made a bunch of Pies 

Puff Pastry crust in the pie maker 

This time for the filling I still ran with Maggi Gravy, and American Cheddar, but I added fresh Jalapenos as well as Candied Jalapenos 

These are rich with a nice little kick to them 

No pickles this time round 😁😉

Still my favourite way to use leftover brisket ","[homemade] Brisket, Cheese and Jalapeno Pie",t2_3wtk9zv7,0.95,7007,1722306310.0,1722306310.0,225,boomasbbq,1efi41u
FoodPorn,,[OC] Beef Bourguignon Dinner,t2_13hvvf,0.98,6976,1729430355.0,1729430355.0,115,mienczaczek,1g7yitg
FoodPorn,,Spaghetti and Meatballs I made for dinner ,t2_fmrelpfm,0.96,6518,1724716388.0,1724716388.0,207,Mooooore_food,1f2326c
FoodPorn,,"[homemade] smoked jerk chicken, jollof rice, candied yams and plantains. ",t2_80xracsj,0.99,6198,1728304747.0,1728304747.0,93,ProjectA-ko,1fy6lo8
FoodPorn,"Pull Apart Garlic Bread 

https://pauliesaucerecipes.com/post/pull-apart-garlic-bread/

Ingredients
* Ingredients
* Sourdough loaf
* 8 ounces of butter
* 6-8 cloves of garlic minced
* ½ shallot diced
* 3 tablespoons of fresh chopped parsley
* 6 ounces of shredded havarti cheese
* 6 ounces of shredded mozzarella cheese
* Marinara sauce for dipping

Instructions
* Slice your sourdough in a criss cross pattern creating 2 inch squares. Slice ¾ of the way down do not cut the bread all the way through 
* In a small sauce pot melt down your butter 
* Once butter is melted add minced garlic, diced shallot and 2 tablespoons of fresh chopped parsley 
* Mix the butter thoroughly and then drizzle the garlic butter down all the slices you made 
* Gently pull apart the bread as your drizzle the garlic butter to ensure the butter reaches the bottom of the bread 
* Stuff each open slice of the sourdough with shredded mozzarella and havarti cheese 
* Gently baste the top of the bread with your garlic bread 
* Set your oven to 325 degrees (165°C)
* Place your sourdough in the oven for 15 minutes After 15 minutes baste your sourdough on all sides with garlic butter and let it cook for additional 15 minutes 
* Remove your garlic bread from the oven 
* Plate up with some marinara sauce, pull apart and enjoy! 
",Pull Apart Garlic Bread ,t2_vk7icoz80,0.99,6195,1730036622.0,1730036622.0,48,Paulie_saucee,1gdb99w
FoodPorn,,Homemade lasagna. ,t2_13bm69,0.99,5473,1729127619.0,1729127619.0,82,Notorious2again,1g5f8n2
FoodPorn,,"French Onion Soup, Homemade Crouton, Smoked Gruyère ",t2_cx57y,0.99,5267,1729642871.0,1729642871.0,58,Fbeezy,1g9xdhf
FoodPorn,,"Cheesesteak. Ribeye, provolone, whiz, peppers, onions, and mushrooms.",t2_13bm69,0.98,5221,1728264851.0,1728264851.0,117,Notorious2again,1fxwd6p
FoodPorn,"We live in New Zealand, but met in Yorkshire  and my husband is the king of Yorkshire puddings! How lucky am I to be presented with this as a midweek meal! It's almost impossible to get a good Sunday Roast in a restaurant over here so that makes me appreciate my husband all the more! ",My husband's epic roast dinner! ,t2_k3gdvd64,0.97,5139,1726099874.0,1726099874.0,152,Yesterday_is_hist0ry,1fep9d5
FoodPorn,Threw this together last night.,Salmon Pasta,t2_91c9nqjb,0.99,5125,1728913069.0,1728913069.0,67,Chemist_Waste,1g3fyj4
FoodPorn,I had the most delicious blueberry pie with a friend and decided to paint it! Hope it makes you hungry! ,My Oil Painting of Blueberry Pie,t2_99cl5k7v,0.97,4983,1724431956.0,1724431956.0,142,TallGreg_Art,1ezhpja
FoodPorn,,[OC] French Toast my boyfriend made for breakfast today.,t2_hc08xdkf,0.98,4938,1721955211.0,1721955211.0,143,OneTrueClassy,1ecb5f5
FoodPorn,,Detroit style pizza ,t2_4x3zj,0.97,4932,1728831156.0,1728831156.0,80,316nuts,1g2re6s
FoodPorn,"I generally followed [this recipe](https://www.seriouseats.com/epic-new-york-cheesecake-from-bravetart) with these changes to the ingredients. 

6"" spring form or cake pan

24 oz cream cheese
6oz dulce de leche
1oz sugar + 1tbsp flour
2oz sour cream
1oz lemon juice
Zest from half a lemon 
4 eggs
2oz heavy cream
Pinch of salt ",Made a Dulce de Leche Cheesecake ,t2_e8r9t,0.98,4867,1726604655.0,1726604655.0,59,Beerbrewing,1fj9sv1
FoodPorn,,Buttermilk pancakes with vanilla creme fraiche and brandy apple compote ,t2_13svb3fa6j,0.98,4861,1729286541.0,1729286541.0,54,Chef-Charlie,1g6t1gq
FoodPorn,,Chicken al pastor tacos because my wife doesn't care for pork. ,t2_13bm69,0.98,4714,1729733372.0,1729733372.0,155,Notorious2again,1gar3cc
FoodPorn,,A couple of fruit tarts I made a while back,t2_2m0k2txn,0.99,4628,1726245803.0,1726245803.0,78,driptec,1ffzbwo
FoodPorn,"[Full recipe available here](https://www.plantifulpalate.com/post/homemade-vegan-gnocchi)

Ingredients:

For the Gnocchi:
- 1kg floury potatoes (e.g., Maris Piper), peeled and boiled
- 200g plain flour, plus extra for dusting
- 1 tsp salt

For the Tomato Sauce:
- 2 tbsp olive oil
- 1 large onion, finely chopped
- 3 garlic cloves, minced
- 1 tsp ground cumin
- 1 tsp smoked paprika
- 1/2 tsp chilli flakes (optional)
- 400g canned chopped tomatoes
- 2 tbsp tomato purée
- 1 tsp sugar (optional, to balance acidity)
- Salt and freshly ground black pepper, to taste

For the Plant-Based Cream:
- 150g unsweetened plant-based yoghurt (e.g., coconut or soy)
- 1 tsp lemon juice
- 1/4 tsp garlic powder
- Pinch of salt

For Garnish:
- 2 tbsp fresh parsley, chopped
- Freshly ground black pepper

Method:

1. To make the gnocchi, start by peeling the potatoes using a vegetable peeler. Rinse them under cold water to remove any residual starch. Place the peeled potatoes in a large pot and cover with cold, salted water. Bring to a boil and cook for 15-20 minutes, or until the potatoes are fork-tender but not falling apart. Drain the potatoes and let them sit for a few minutes to release excess steam. Mash the potatoes using a potato ricer or masher until completely smooth, ensuring there are no lumps. Allow them to cool slightly. Gradually mix the flour and salt into the mashed potatoes, adding a little at a time, until a soft dough forms. Knead the mixture gently until it forms a soft dough. Avoid overworking the dough to keep the gnocchi light and fluffy.

2. Divide the dough into four portions. Roll each portion into a long rope about 2cm in diameter, then cut into 2cm pieces. For a classic gnocchi texture, press each piece gently with the back of a fork to create ridges. Dust with a little flour to prevent sticking.

3. Bring a large pot of salted water to a boil. Add the gnocchi in batches and cook until they float to the surface, about 2-3 minutes. Remove with a slotted spoon and set aside.

4. For the tomato sauce, heat olive oil in a large frying pan over medium heat. Add the chopped onion and sauté for 6-8 minutes until softened and translucent. Stir in the minced garlic and cook for an additional 1-2 minutes until fragrant.

5. Add the ground cumin, smoked paprika, and chilli flakes (if using) to the pan, stirring to coat the onion mixture. Cook for 30 seconds to release the spices’ aromas.

6. Stir in the canned tomatoes, tomato purée, and sugar (if needed). Season with salt and black pepper. Simmer the sauce over medium heat for 10-12 minutes, stirring occasionally, until it thickens slightly and the flavours meld together.

7. While the sauce simmers, prepare the plant-based cream by whisking together the yoghurt, lemon juice, garlic powder, and a pinch of salt in a small bowl. Set aside.

8. Add the cooked gnocchi to the tomato sauce, stirring gently to coat them evenly. Simmer for an additional 2-3 minutes to warm through.

9. Transfer the gnocchi and sauce to serving bowls. Add dollops of the plant-based cream on top and garnish with fresh parsley, a drizzle of extra virgin olive oil and a generous sprinkle of freshly ground black pepper.

10. Serve warm and enjoy!
",Home-Made Gnocchi,t2_2t7zs0u,0.99,4488,1736012066.0,1736012066.0,59,Whiterabbit2000,1htjjza
FoodPorn,,My wife made red beans and rice. ,t2_13bm69,0.92,4421,1715909139.0,1715909139.0,304,Notorious2again,1cttd9l
FoodPorn,Grazing board,Charcuterie board my SO made for an event.,t2_ggt6s,0.96,4343,1734297184.0,1734297184.0,85,TheRealSpaceTrout,1hf2ixg
FoodPorn,First time making homemade mac&cheese. Turned out pretty alright!,Mac & Wings,t2_91c9nqjb,0.98,3791,1729943189.0,1729943189.0,41,Chemist_Waste,1gcj8e2
FoodPorn,,"Bacon, eggs, home fries, and homemade biscuits ",t2_kwztqcd,0.98,3782,1726759277.0,1726759277.0,58,gonzoinvegas,1fkngih
FoodPorn,,[Homemade] Chicken alfredo,t2_138dan,0.99,3685,1734315147.0,1734315147.0,91,silk35,1hf8p1t
FoodPorn,,Classic Pot Roast,t2_p13yjo0r,0.99,3514,1728634079.0,1728634079.0,37,phaeolus97,1g14s5u
FoodPorn,,Made my girlfriend a 28 day aged ribeye for Valentine’s today,t2_4cjxb,0.94,3432,1707938206.0,1707938206.0,155,felixjmorgan,1aqv6rp
FoodPorn,,I made monkey bread,t2_6yqtt,0.98,3430,1733624032.0,1733624032.0,110,flamethrower78,1h98go2
FoodPorn,,Homemade Crispy Duck Fat Roasted Potatoes With Garlic and Rosemary,t2_f2ny9,0.98,3344,1726441762.0,1726441762.0,46,-SpaghettiCat-,1fhpzbj
FoodPorn,,Deep fried crispy cod,t2_1wbuef63,0.96,3239,1722516616.0,1722516616.0,166,mitch-mma,1ehfv0g
FoodPorn,Company in my town makes them. Artie Bars.,Millionaire Shortbread,t2_vbcv5f7e4,0.95,3219,1718140412.0,1718140412.0,119,ImpressionAdept6355,1ddpc12
FoodPorn,,"[Homemade] Slow braised Chuck roast, topped with red wine reduction sauce, gremolata, & creamy white-cheddar & black pepper polenta ",t2_11kijv,0.98,3168,1728432130.0,1728432130.0,145,dannyonthenet,1fzegax
FoodPorn,,[homemade] Blackened shrimp Alfredo with lump crab meat. ,t2_80xracsj,0.99,3047,1727635262.0,1727635262.0,29,ProjectA-ko,1fsbfaz
FoodPorn,"Oolong Tea Ice Cream, Poached Peaches & Camembert Cheese Panna Cotta","Oolong Tea Ice Cream, Poached Peaches & Camembert Cheese Panna Cotta",t2_10v4o65h5s,0.98,2978,1724808160.0,1724808160.0,80,Hai_Cooking,1f2xxr3
FoodPorn,,Homemade pistachio mooncakes,t2_mp6vt646,0.99,2946,1726778958.0,1726778958.0,56,fio3302,1fkuqr2
FoodPorn,,Love me a good club sandwich ,t2_7e80x6hk,0.95,2942,1728408590.0,1728408590.0,111,_smoothbrained,1fz5h7y
FoodPorn,"Carne Asada Tacos 

https://pauliesaucerecipes.com/post/carne-asada-tacos/

Ingredients
* 1 head of garlic minced
* 1 cup of fresh chopped cilantro
* ½ cup orange juice
* ¾ cup beer (I recommend using corona or modelo)
* Juice of 2 limes
* 1 lime sliced into wedges
* ¼ cup olive oil
* 2 tsp ground cumin
* 2 tsp of red chili powder
* ½ white onion chopped
* 3 whole green onions
* Corn Tortillas
* 2 lbs of flap steak. You can use skirt or flank steak for this recipe as well
* 2 tablespoons of salt & pepper

Instructions
* Grab a deep dish tray to marinate your beef in 
* With a fork poke a decent amount of holes into your steak 
* In the tray add beer, orange juice, lime juice, cumin, chili powder, minced garlic, fresh chopped cilantro (save a tablespoon for the garnish) and mix 
* Add your steak and press down on them so all the pieces get submerged 
* Add your green onions on top and place in the refrigerator for a minimum of 4 hours i recommend marinating it overnight 
* After the steaks are done marinating remove them from the tray and pat dry 
* Season the steak on both sides with salt & pepper 
* Set your grill for high heat grilling. I set my grill to 425 degrees(220°C)
* Once your grill is up to temp sear off your steaks on both sides 
* Once your steak reached an internal temperature of 130 degrees(54°C) they are done 
* Let the steaks rest for 10 minutes before slicing 
* Slice your steak against the grain and into small pieces ensuring a nice bite 
* Toast your tortillas on the hot grill 
* Add steak to each tortilla and garnish with white onion and cilantro 
* Squeeze some fresh lime juice over the top and enjoy!
",Carne Asada Tacos ,t2_vk7icoz80,0.99,2926,1731762629.0,1731762629.0,48,Paulie_saucee,1gsmy1w
FoodPorn,"Homemade pesto and mozzarella focaccia, caramelized onions, roasted beef, comté cheese, sour cream and onion mayo and parsley! Messy but very tasty!",Steak sandwich,t2_jye8j4lx,0.96,2887,1726341980.0,1726341980.0,72,Vast-Adagio4869,1fgtubf
FoodPorn,"Tried my best at making Gumbo from what I could get my hands on here in rural North Queensland, Australia. A lot of ingredients not pictured, but I was honestly surprised to be able to get Tony Chacheres here locally. ",[Homemade] Gumbo ,t2_137f0c,0.99,2880,1729912277.0,1729912277.0,44,Dani-in-berlin,1gcbud7
FoodPorn,,Steak and eggs with hashbrowns,t2_3sdadhzv,0.96,2872,1718755947.0,1718755947.0,124,Connorbmor04,1dj5ow7
FoodPorn,,I ate fresh scones with cream and sour cherry jam.,t2_knwzs,0.98,2836,1728035150.0,1728035150.0,34,MrGodless,1fvvbit
FoodPorn,,Chicken Alfredo ,t2_w3vjcnn0g,0.98,2817,1736789422.0,1736789422.0,74,Good-Marketing-4981,1i0jd9g
FoodPorn,,Homemade surf and turf with blue cheese pepper sauce on buttered asparagus.,t2_80xracsj,0.96,2783,1719875819.0,1719875819.0,117,ProjectA-ko,1dt73vn
FoodPorn,,[OC] Lobster mac ‘n cheese,t2_16s9x8,0.98,2761,1726227990.0,1726227990.0,47,chashaoballs,1ffson9
FoodPorn,Borrowed the wife’s mini loaf pan to make these cuties ,Homemade mini Detroit style pizzas,t2_7hi8z,0.97,2745,1711912022.0,1711912022.0,92,DamnShaneIsThatU,1bsi3m6
FoodPorn,,Pecan Pie Cheesecake I made for 🇨🇦 Thanksgiving,t2_435ho,0.99,2731,1729359002.0,1729359002.0,54,daninmontreal,1g7e1jh
FoodPorn,,Cabbage dumplings,t2_16s9x8,0.98,2716,1735924038.0,1735924038.0,34,chashaoballs,1hsrak2
FoodPorn,,[homemade] smoked brisket chili ,t2_80xracsj,0.99,2687,1734130616.0,1734130616.0,48,ProjectA-ko,1hdopws
FoodPorn,,Poached egg over Corned Beef Hash,t2_cx57y,0.98,2635,1730216509.0,1730216509.0,58,Fbeezy,1gexo7d
FoodPorn,"The soup has a hint of cumin and a touch of lemon zest to give it some vibrancy.

It is topped with my homemade parmesan & garlic croutons, fresh Parsley, and a generous sprinkle of parmesan.

The grilled cheese has a variety of onions caramelized and declared with balsamic vinegar and pan cooked bacon for that crunch.
I chose havarti for salt, mozzarella for that streeetch and some cheddar for bite.

My husband absolutely nuked this dish last night 😁",[OC] Caramelized onion & bacon grilled cheese with a cream of butternut squash soup,t2_9hsoc4cu,0.99,2626,1727439616.0,1727439616.0,66,Embarrassed-Injury31,1fqmdg2
FoodPorn,,Homemade country fried steak with bacon gravy.  [OC],t2_9i7ej5eh,0.97,2588,1709668256.0,1709668256.0,95,son_of_a_feesh,1b7enxj
FoodPorn,,Caught a bunch of blue crabs this morning with my son. Now they are on the table tonight blue crab crab cakes ,t2_68g163mx,0.95,2525,1723337161.0,1723337161.0,89,Atl123420,1ep809s
FoodPorn,,"I was craving blueberry pie, and I was in the mood to make some elegant pie crust.",t2_v9i5zb3h,0.98,2523,1707447463.0,1707447463.0,106,Amodernhousehusband,1amdy4z
FoodPorn,,[OC] Chinese Salt & Pepper Pork Chops,t2_6nq5c,0.98,2485,1734658256.0,1734658256.0,43,AStrangerWCandy,1hi8nvh
FoodPorn,,[homemade] smoked pork belly spicy ramen ,t2_80xracsj,0.99,2449,1731258011.0,1731258011.0,36,ProjectA-ko,1go56jl
FoodPorn,,I made Korean Army Stew,t2_5y4mi,0.98,2449,1709396565.0,1709396565.0,67,slypretender,1b4s1l5
FoodPorn,,[OC] steak tartare with golden osetra caviar and quail egg ,t2_1idhtqy4,0.8,2435,1721766206.0,1721766206.0,268,Theweekendatbernies,1eai1p4
FoodPorn,,Week two of baking for my coworkers: Pumpkin white chocolate blondies with brown butter cream cheese frosting and chewy pumpkin spice cookies,N/A,0.99,2418,1725840879.0,1725840879.0,65,N/A,1fccdtv
FoodPorn,,[OC] Chicken Shawarma with Laffa Bread,t2_13hvvf,0.99,2386,1727529799.0,1727529799.0,32,mienczaczek,1fre7in
FoodPorn,,"Korean ramen with gochujang, topped with fried oyester mushrooms",t2_7tbebrlf,0.97,2361,1727700067.0,1727700067.0,31,wqxeca,1fsuk6x
FoodPorn,,[OC] Fresh homemade beignets,t2_eekf4pc2,0.99,2307,1707258423.0,1707258423.0,58,truebeliever08,1akmoc6
FoodPorn,,"Sausages, eggs, beans, black pudding, bacon and toast",t2_bnfrpxk9,0.98,2308,1726913209.0,1726913209.0,50,That_Increase6085,1flzok2
FoodPorn,,Filipino charred pork skewers with sukang sawsawan (spiced vinegar),t2_188uf9gh7l,0.99,2246,1727401352.0,1727401352.0,23,Nordic_Smoque,1fqcp76
FoodPorn,"Every time I make these, I blink and the plate is empty!

Marinated for 24 hours, then cooked low and slow in the oven.

30 mins at 325 degrees, skin side down.
Flip and baste with the marinade; cook for another 30 minutes.

Finish with a broil for 2-3 minutes to crisp the skin.","Homemade sticky, smoky & sweet BBQ wings",t2_9hsoc4cu,0.99,2245,1729596459.0,1729596459.0,49,Embarrassed-Injury31,1g9ft4e
FoodPorn,,apple butter cheesecake!,t2_5vu949hn,1.0,2198,1736589304.0,1736589304.0,44,Muted_Guidance,1hysqh6
FoodPorn,ragu lasagna,ragu lasagna,t2_mudq0gkr,0.98,2189,1729883886.0,1729883886.0,40,CheFadiFOOD,1gc2awj
FoodPorn,,Dutch kibbeling deep fried cod with remoulade sauce,t2_1wbuef63,0.98,2178,1724318607.0,1724318607.0,77,mitch-mma,1eyewzv
FoodPorn,,Homemade Peri Peri Chicken,t2_53scryjn,0.99,2160,1726980886.0,1726980886.0,33,chichiiibear,1fmlh8j
FoodPorn,,"Hosted a dinner party this weekend, this was my main... Seared Scallops over Bacon and Butternut Risotto with Crispy Sage",t2_8oylbalh,0.97,2156,1706492773.0,1706492773.0,111,RoniNoone,1adjdy7
FoodPorn,,Fried sushi bites with smoked salmon ,t2_1wbuef63,0.97,2143,1730127125.0,1730127125.0,36,mitch-mma,1ge3z7p
FoodPorn,,Peri Peri Chicken,t2_13hvvf,0.99,2068,1733055886.0,1733055886.0,42,mienczaczek,1h426hj
FoodPorn,,I made my wife birria for her birthday.,t2_7q284,0.97,2079,1718396876.0,1718396876.0,78,matthewsupreme,1dg0fu6
FoodPorn,,Fried chicken sandwich and loaded fries [OC],t2_8zji3hap,0.98,2071,1725396985.0,1725396985.0,33,morganripley669,1f8b373
FoodPorn,,Italian Sandwich on Focaccia ,N/A,0.98,2061,1733331395.0,1733331395.0,22,N/A,1h6kx45
FoodPorn,"Roasted spatchcock chicken with roasted veg, brown butter stuffing, champ, roast potatoes, broccoli and cauliflower cheese and a red wine onion gravy",Roast Chicken dinner,t2_5engx21y,0.98,2056,1710353827.0,1710353827.0,63,Artlistra,1bdyij7
FoodPorn,,Roasted Chicken with Creamy Mushroom Risotto and Green beans,t2_bck1pmt2,0.99,2028,1726171474.0,1726171474.0,30,Evil_Queen_93,1ffbz8s
FoodPorn,,Homemade Yorkshire pudding plate,t2_8or9lbz6,0.92,2023,1712044356.0,1712044356.0,215,Minimum-Shirt-3859,1btt0g3
FoodPorn,"English breakfast: sunny side up eggs, mushroom, chicken and beef sausage, beef bacon, beans, and tomatoes. ",English breakfast ,t2_6cwj9m7p,0.93,2020,1720969146.0,1720969146.0,11,LittleBeanAlexa,1e34bvl
FoodPorn,,Roll Cut Pork Tenderloin Cuban Sliders,t2_cedpp,0.97,2015,1724342206.0,1724342206.0,84,nom00,1eymy41
FoodPorn,"Smoke Then Fried Buffalo Wings 

https://pauliesaucerecipes.com/post/buffalo-wings/

Ingredients 

12 large chicken wings, separated (12 flats & 12 drums)

1-2 tablespoons of all-purpose seasoning

1-2 tablespoons of Cajun seasoning

Blue cheese for dipping

Celery sticks

½ cup of buffalo sauce

Cooking oil (I used peanut oil)

Instructions 

Separate each wing so you have 12 flats and 12 drums

Season chicken wings on both sides wuht all purpose seasoning

Season chicken wings on both sides with Cajun Seasoning

Place the chicken wings on a wire rack and place in the refrigerator uncovered for 1 hour

Place your wings in your smoker/oven at 300 degrees

Flip the wings after 45 minutes

Once your wings hit an internal temp of 170 degrees remove them from your smoker/oven

Heat up your frying oil to 350 degrees

Once your oil comes up to temp deep fry your wings till they reach an internal temp of 180 degrees

Remove the wings from the oil and place them on a bed of paper towels

Pat the wings dry and throw them in a mixing bowl

Drizzle your buffalo sauce over the top of the chicken wings

Give your wings a good toss

Plate them up with a side of blue cheese and celery sticks",Buffalo Wings ,t2_vk7icoz80,0.99,2000,1726484270.0,1726484270.0,27,Paulie_saucee,1fi1mhi
FoodPorn,,Smoked Gouda and Hanger Steak dirty fries,t2_56yyf,0.99,1992,1734423781.0,1734423781.0,28,CosmicRave,1hg66ts
FoodPorn,"Roasted Potato Corn Chowder 

https://pauliesaucerecipes.com/post/roasted-potato-corn-chowder/

Ingredients 

1 can of whole kernel corn
10-12 baby gold potatoes, cut into quarters
1 medium yellow onion, diced
1 pound of bacon sliced into small pieces (Save some for the end)
¼ cup of all purpose flour
Salt, pepper, & garlic seasoning
4 cups of chicken broth
2 ½ cups of heavy cream
Cooking oil (I used olive oil)
Chopped chives
Shredded cheddar cheese

Instructions 

Lay your potatoes and corn on a foil lined baking tray

Drizzle olive oil over the top of the potatoes and corn

Season your potatoes and corn with salt, pepper and garlic seasoning

Place the potatoes and corn in your oven or smoker at 425 degrees for 15-20 minutes
Heat up a soup pot on medium heat

Add your bacon and stir while the bacon renders

Once your bacon is almost cooked all the way through add your onions and stir

Once your onions are translucent whisk in all purpose flour

Whisk in your chicken broth
Whisk in your heavy cream

Add your potatoes and corn and mix

Let that come up to a simmer and place a lid on your soup pot

Let the soup simmer for 15-20 minutes

Garnish with bacon pieces, cheddar cheese & chopped chives!
",Roasted Potato Corn Chowder ,t2_vk7icoz80,0.99,1976,1725014407.0,1725014407.0,29,Paulie_saucee,1f4s2mr
FoodPorn,Trying to eat a healthy protein dense breakfast. ,"Homemade smoked beef rib, eggs, avocado and fermented bamboo shoots in chili oil breakfast. ",t2_80xracsj,0.99,1967,1734953511.0,1734953511.0,31,ProjectA-ko,1hklvk3
FoodPorn,I’m a pastry chef and here are some cannoli I made for my store.,Some Ricotta Cannoli I made,t2_xd875,0.99,1966,1706434747.0,1706434747.0,64,the_siren22,1acz2i6
FoodPorn,,Kaesespaetzle – German Cheese Spaetzle with caramelized onions ,t2_gv0xw,0.98,1947,1732888045.0,1732888045.0,36,aminorman,1h2m4zy
FoodPorn,,"Birthday dinner - Pepperoni & roasted garlic chicken cast iron pizzas, buffalo & garlic parmesan chicken wings, and chocolate cake filled with dulce de leche",t2_mxv48wso,0.98,1947,1716234738.0,1716234738.0,65,softrotten,1cwonhv
FoodPorn,,Homemade Ragu Bolognese With With Pappardelle,t2_f2ny9,0.99,1919,1728934587.0,1728934587.0,21,-SpaghettiCat-,1g3olud
FoodPorn,,Mississippi Pot Roast ,t2_rxgevs223,0.97,1894,1717595539.0,1717595539.0,96,mmfood88601,1d8qgw8
FoodPorn,,Deepfried crispy cod fish ,t2_1wbuef63,0.98,1892,1709811180.0,1709811180.0,80,mitch-mma,1b8sglg
FoodPorn,,[OC] Charsiu fried rice,t2_16s9x8,0.98,1887,1724861651.0,1724861651.0,29,chashaoballs,1f3e93x
FoodPorn,,Linguine with scallops in a garlic herb sauce by me,t2_aao6skdn,0.99,1886,1735169728.0,1735169728.0,41,80Baby203,1hmbr3v
FoodPorn,,Chocolate coconut cake,t2_7buyyl7o,0.99,1873,1723737902.0,1723737902.0,60,Icy_Horse_7313,1esz0rc
FoodPorn,,Chicken Parmesan over paparedelle[OC],t2_5ainy,0.98,1873,1734582791.0,1734582791.0,44,TheDude9737,1hhkv2b
FoodPorn,the sauce,homemade chipotle pasta,t2_ahi7b,0.97,1870,1726681349.0,1726681349.0,47,sarahvancee,1fjyu2w
FoodPorn,,Tortiglioni pasta in Creamy Tomato sauce with Burrata,t2_bck1pmt2,0.99,1857,1730994769.0,1730994769.0,38,Evil_Queen_93,1gltmax
FoodPorn,"As traditional as I can make it:
Egg tagliatelle.
Veal, pork and pancetta. 

Finished with 30 month Parmigiano-Reggiano and served with an amphora-aged Sangiovese from Greve in Chianti. 
",Tagliatelle alla Bolognese,t2_k0he217t,0.98,1858,1728585106.0,1728585106.0,36,agmanning,1g0pog9
