subreddit,selftext,title,author_fullname,upvote_ratio,ups,created,created_utc,num_comments,author,id
AntiVegan,,Just like the Disney movies,t2_93gl4kg6,0.98,508,1726259703.0,1726259703.0,42,sarcastic_simon87,1fg4sjz
AntiVegan,,we really dont care,t2_jrfnkceh8,0.97,449,1735311302.0,1735311302.0,27,vindtar,1hngjwu
AntiVegan,Oh dear.,"Vegans know this, they just hate talking about it 🤷‍♂️",t2_93gl4kg6,0.98,390,1735656612.0,1735656612.0,68,sarcastic_simon87,1hqg6xw
AntiVegan,,"How ""cruelty-free"" is veganism?",t2_1a66d08ncx,0.96,376,1730491418.0,1730491418.0,77,DelayDirect7925,1gheijf
AntiVegan,,Oh dear,t2_h9fatzgoa,0.98,361,1722090685.0,1722090685.0,53,GreenerThan83,1edhpjy
AntiVegan,,Mmmmmmm.,t2_a2d5l9s9c,0.99,326,1735276704.0,1735276704.0,24,CRaschALot,1hn7q4i
AntiVegan,,vegan protestors block aisle in UK shop ,t2_gu35i2vb,0.97,322,1737288295.0,1737288295.0,135,No-Excitement7868,1i4x100
AntiVegan,,When being Vegan is your only personality,t2_eai45ya,0.98,319,1727541149.0,1727541149.0,61,InterestingGrape,1fri7j8
AntiVegan,,Then they call US “hypocrites”..,t2_93gl4kg6,0.97,330,1737629244.0,1737629244.0,19,sarcastic_simon87,1i80p5r
AntiVegan,"You HAVE to abide by step 6, at ALL times! ",Step by step guide on how to become a “vegan bodybuilder” 😜,t2_93gl4kg6,0.98,292,1734707695.0,1734707695.0,25,sarcastic_simon87,1hilxb7
AntiVegan,,What a tragic fate,t2_6q7rv,0.96,293,1726763475.0,1726763475.0,63,ToWelie89,1fkp4he
AntiVegan,,The fuck,t2_8nyrr9t2,0.98,287,1719830739.0,1719830739.0,32,Striking_Impact4178,1dspy4p
AntiVegan,,This surprises no one.....,t2_287204wh,0.97,284,1727386616.0,1727386616.0,43,wooter99,1fq7owj
AntiVegan,,My kind of restaurant,t2_gjhtkzsp,0.96,271,1706992940.0,1706992940.0,21,Melodic_Sample8664,1ai5nz8
AntiVegan,,Post this and watch the vegan excuses POUR into the comments 🤣,t2_93gl4kg6,0.96,269,1737290977.0,1737290977.0,43,sarcastic_simon87,1i4xpw4
AntiVegan,,Time for some cope,t2_jrfnkceh8,0.99,261,1729750171.0,1729750171.0,15,vindtar,1gavya0
AntiVegan,,Man PETA has such a weird obsession,t2_ci6l2qvjh,0.96,260,1734542986.0,1734542986.0,85,GregoriousT-GTNH,1hh6r4y
AntiVegan,,"Thank you for your crispiness, Emma 🙏",t2_yfqns46z4,0.97,259,1716166458.0,1716166458.0,38,Carnivore-Club,1cw37ff
AntiVegan,,"So uhm they now compare meat eaters with paedophiles, what the fuck ?",t2_ci6l2qvjh,0.98,254,1736602753.0,1736602753.0,52,GregoriousT-GTNH,1hyw2fl
AntiVegan,,You drink milk = you racist ,t2_z6vn7wdnz,0.96,246,1736404443.0,1736404443.0,90,throwaway-aagghh,1hx6sz5
AntiVegan,"Despite not advisable for babies to be fed VERY SOLID food, let them taste the essence of meat. 

And this baby, he will search for that taste when he grows up.","Yeah, Let him Taste Meat",t2_lfuymg24,0.92,246,1716559048.0,1716559048.0,23,Hinata_2-8,1czld5a
AntiVegan,,"If you're cold, they're cold.",t2_t7puo6az,0.91,243,1728702574.0,1728702574.0,38,The3DBanker,1g1r3ei
AntiVegan,,This is beyond cringe and pathetic ,t2_avzddysq,0.96,242,1732680411.0,1732680411.0,96,tk_96f,1h0vn71
AntiVegan,,This is your brain on veganism,t2_93gl4kg6,0.98,234,1718725857.0,1718725857.0,36,sarcastic_simon87,1ditz0t
AntiVegan,,A t-rex would eat you,t2_2njdftrp,0.98,234,1723649706.0,1723649706.0,117,therealdrewder,1es4qmk
AntiVegan,You couldn’t make it up!,A group where vegans post about feeding their cats an inappropriate diet,t2_93gl4kg6,0.99,231,1735987145.0,1735987145.0,111,sarcastic_simon87,1htbu5p
AntiVegan,,Seen it all now 🤣,t2_93gl4kg6,0.96,227,1726871482.0,1726871482.0,45,sarcastic_simon87,1flog4a
AntiVegan,,you'll be a man,t2_nlnbspglc,0.95,226,1713752450.0,1713752450.0,37,3l_aswad,1c9zgxa
AntiVegan,,"Looks more like a giant, corny turd than lamb kofta",t2_sz0j98u9c,0.97,228,1736753918.0,1736753918.0,61,Beer_Barbarian,1i08vx1
AntiVegan,,Lizzo no longer vegan ,t2_bc585468,0.97,225,1728663792.0,1728663792.0,58,ShinyTinyWonder38,1g1dr3r
AntiVegan,,Why are so many vegans borderline psychopaths ?,t2_13ykxz,0.96,216,1736031286.0,1736031286.0,70,teufler80,1htqtzw
AntiVegan,I know we're all anti vegan here. But wanted to get thoughts on this one. ,Thoughts?,t2_66u6dyha,0.9,214,1717229180.0,1717229180.0,129,PuzzleheadedSlide904,1d5i3oi
AntiVegan,,Peta has always been weird.,t2_1fi4waxfwa,0.97,215,1736714271.0,1736714271.0,93,FeistyKing_7,1hzwb13
AntiVegan,,But remember: “animals are killed for 5 minutes of taste pleasure!” Apparently 😬,t2_93gl4kg6,0.99,216,1736944307.0,1736944307.0,38,sarcastic_simon87,1i1wd2l
AntiVegan,,Poor Vegan lost the chili contest/tries to get stomach pumped,t2_k6rmv5t9,0.97,209,1724347765.0,1724347765.0,56,ineedabjnow35,1eypb5n
AntiVegan,,"The vegan ""patty"" looks like my crap after I eat corn",t2_sz0j98u9c,0.98,213,1736046913.0,1736046913.0,13,Beer_Barbarian,1htw7j9
AntiVegan,,"Remember, fuck vegans",t2_sz0j98u9c,0.9,207,1732122895.0,1732122895.0,34,Beer_Barbarian,1gvul6c
AntiVegan,,"Vegans post this unironicaly and think they have a point, wtf is going on ?",t2_ci6l2qvjh,0.99,208,1729330879.0,1729330879.0,51,GregoriousT-GTNH,1g75d6b
AntiVegan,,I swear the delusions of vegans are getting worse and worse,t2_ci6l2qvjh,0.98,205,1731888374.0,1731888374.0,40,GregoriousT-GTNH,1gtrmby
AntiVegan,,I didn't know a snake could be Vegan?,t2_k6rmv5t9,0.93,203,1723814583.0,1723814583.0,77,ineedabjnow35,1etook4
AntiVegan,,You know this memme?,N/A,0.95,200,1716673863.0,1716673863.0,16,N/A,1d0mhok
AntiVegan,,Bruh....,t2_ozbfs7dc,0.99,195,1714316574.0,1714316574.0,26,GhostRider1945,1cf8g9p
AntiVegan,,I can’t believe I used to be one of these idiots.,t2_5qih84lx,0.97,189,1718392019.0,1718392019.0,28,HarleyQuinn610,1dfylur
AntiVegan,,Proper cult mentality right there,t2_avzddysq,0.96,185,1732189439.0,1732189439.0,50,tk_96f,1gwec4q
AntiVegan,Instead of using logic to counter an argument they just go the easy way and downvote the comment and leave. Or sometimes just say “bUt WhAt aBOuT tHe AnImAlS!!!” and then leave.,Arguing with a vegan be like,t2_bwf9s18w,0.97,184,1727998945.0,1727998945.0,21,Particular_Depth4841,1fvlo60
AntiVegan,,"Scared of an egg, but will happily eat a chemical shit-storm trying to replicate it 😬",t2_93gl4kg6,0.97,185,1736785670.0,1736785670.0,36,sarcastic_simon87,1i0hu15
AntiVegan,,Bad at math,t2_jrfnkceh8,0.95,185,1731473500.0,1731473500.0,54,vindtar,1gq56d2
AntiVegan,"Dung betel, Iceland shark and blue whale disagree",The latest crazy I’ve seen all over social media,t2_ierkwujz,0.95,185,1736645358.0,1736645358.0,111,Reapers-Hound,1hzbhjl
AntiVegan,"Yeah, using everything the animal was made up was the best way to spite these so-called animal rights activists. This way, we honour the sacrifice of the animal, and thanking it by doing this.","Actually, We don't waste anything and honour the sacrifices of the animals we eat.",t2_lfuymg24,0.97,181,1725680025.0,1725680025.0,18,Hinata_2-8,1faxuum
AntiVegan,,See we can’t be vegans,t2_vkg8shu6,0.94,181,1706630560.0,1706630560.0,37,thaddues444,1aertg0
AntiVegan,,I hate it,t2_vg81ey0p,0.97,179,1707648053.0,1707648053.0,19,Julia-Vera,1ao57qd
AntiVegan,Help me out here,I've lost so much karma getting downvoted by vegans I don't even Qualify for some subreddits anymore,t2_11xot4oswa,0.91,176,1728511549.0,1728511549.0,38,NobodyYouKnow2515,1g03j54
AntiVegan,,"Vegans treat this movie like it's the Bible, Qur'an or Torah!... It's ridiculous!",t2_dwbjd6lny,0.96,170,1710451040.0,1710451040.0,70,xtremeyoylecake,1bewbnk
AntiVegan,,"Here a vegan ""version of meatballs"" someone posted on FB. Judge for yourselves if any sane person would eat something like that...",t2_1a66d08ncx,0.97,169,1730595851.0,1730595851.0,77,DelayDirect7925,1gibeje
AntiVegan,,Humans don't kill animals using teeth.,t2_jrfnkceh8,0.97,167,1737429568.0,1737429568.0,44,vindtar,1i69907
AntiVegan,Guy goes and gives a 5-star review on a restaurant. The restaurant owner gets pissed at the reviewer and tells them to fuck off. I'll let you figure out who the vegan is.,There's gotta be some correlation between veganism and brain damage,t2_38wgl7i0,0.98,166,1707936978.0,1707936978.0,33,chileConChile,1aqunwo
AntiVegan,,Bold of vegans to assume that animals live their full lifespans in nature,t2_bm63fo75,0.97,167,1733751593.0,1733751593.0,64,BananaBoy238,1ha9xbe
AntiVegan,,The best gift you ever receive.,t2_lfuymg24,0.98,162,1733884235.0,1733884235.0,13,Hinata_2-8,1hbj9jg
AntiVegan,,The reason why vegan propaganda works is...,t2_eyavhd92,0.96,165,1716816688.0,1716816688.0,14,ryaninvestigates,1d1rl1z
AntiVegan,,Unhinged vegan cringe that got flooded into my feed,t2_ci6l2qvjh,0.95,165,1713619496.0,1713619496.0,78,GregoriousT-GTNH,1c8pxb5
AntiVegan,"A booming industry: vegan “meat” is the future. Or maybe…

“the primary reason Beyond Meat stock has collapsed is because the Beyond Meat business has collapsed — and in a rather stunning manner.”

https://foodinstitute.com/food-industry/analysis-beyond-meat-bit-off-more-than-it-can-chew/",Let’s stay updated on market news… keeps getting better,t2_i4ylyygm,0.98,164,1707152231.0,1707152231.0,21,chrisBlo,1ajlafc
AntiVegan,,Beyond Meat’s stock is LOW 😬,t2_93gl4kg6,0.96,164,1737133827.0,1737133827.0,13,sarcastic_simon87,1i3l9do
AntiVegan,,"I just had this in my feed, jfc thats some serious brainrot",t2_ci6l2qvjh,0.95,161,1714864213.0,1714864213.0,30,GregoriousT-GTNH,1ckd6yd
AntiVegan,,Seen on a t-shirt somewhere,t2_2y02umpq,0.97,161,1728068944.0,1728068944.0,18,igotyergoatlol,1fw757e
AntiVegan,,.,t2_a1ves9hr,0.94,161,1721640803.0,1721640803.0,18,CVPIMGMFANATIC,1e9a1om
AntiVegan,,Their ancestors would be very disappointed ,t2_bwf9s18w,0.98,156,1725884895.0,1725884895.0,9,Particular_Depth4841,1fco7kq
AntiVegan,,I smell downfall over here...,t2_bopqnwy8b,0.96,158,1716470261.0,1716470261.0,46,fhusaini431,1cysk8r
AntiVegan,,I love it when they fight,t2_55z2q1fy,0.98,156,1729560585.0,1729560585.0,48,natty_mh,1g96jd3
AntiVegan,,Thoughts?,t2_ky3mphtp,0.94,153,1726163968.0,1726163968.0,95,SquishyBucket922,1ff8ywe
AntiVegan,,Ok what the hell that vegan teacher,t2_umam4f7q,0.96,158,1725029533.0,1725029533.0,56,OMORBIUS42,1f4x7ox
AntiVegan,,"Vegans : proceed to create fake chemical ""meat"" ",t2_avzddysq,0.97,157,1735053877.0,1735053877.0,28,tk_96f,1hlfqbd
AntiVegan,,What did i just read?,t2_69zn3grz,0.97,151,1715615137.0,1715615137.0,27,_tyler-durden_,1cr2isu
AntiVegan,,Nah this is just beyond piss-take. It's delusional,t2_avzddysq,0.97,148,1733375520.0,1733375520.0,46,tk_96f,1h71mui
AntiVegan,,Vegans,t2_q8of2,0.84,150,1710340843.0,1710340843.0,81,emain_macha,1bdt4hq
AntiVegan,,Mental gymnastics of vegans are pretty wild ngl,t2_13ykxz,0.93,149,1733960493.0,1733960493.0,46,teufler80,1hc7lfk
AntiVegan,We all know veganism is the only thing that’s going on in his life. What else can he say that will make him stand out in a conversation?,Classic video where vegan breaks his phone because he found 0.00002% grams of cheese in pizza sauce.,t2_bwf9s18w,0.97,143,1730678751.0,1730678751.0,46,Particular_Depth4841,1gj19fc
AntiVegan,,When did meat eaters did that with Vegans?,t2_4hpadjep,0.93,146,1733604858.0,1733604858.0,71,WeldFrenzy,1h9208e
AntiVegan,Like seriously really nothing better to do,This POS Vegan actually started shit in Milk,t2_k6rmv5t9,0.99,147,1726693981.0,1726693981.0,46,ineedabjnow35,1fk3tl9
AntiVegan,,This,N/A,0.93,149,1723855938.0,1723855938.0,5,N/A,1eu52v9
AntiVegan,,Meme I made,t2_136h1vru4q,0.94,149,1727451036.0,1727451036.0,17,Ok-Studio1621,1fqqgrv
AntiVegan,Vegan baffled after a person who has dedicated their life to studying medicine and health tells them that red meat is good for humans. ,Complete arrogance ,t2_8imsijj0,0.99,145,1736273079.0,1736273079.0,20,PRIMO0O,1hvxmhz
AntiVegan,,Vegans ,t2_wc4shrmld,0.91,147,1734743416.0,1734743416.0,47,FirefighterPrimary60,1hiyqg9
AntiVegan,,"Just a normal vegan post, nothing weird here",t2_ci6l2qvjh,0.94,144,1733949165.0,1733949165.0,17,GregoriousT-GTNH,1hc3adc
AntiVegan,"I swear this is basically the average post over there.  Cuckoo.
",Vegan sad because their family pushes back when harassed.,t2_xa012fe,0.95,143,1722623340.0,1722623340.0,76,earthdogmonster,1eihfqn
AntiVegan,,Keep telling yourself that....,t2_k6rmv5t9,0.96,138,1726845425.0,1726845425.0,23,ineedabjnow35,1flehvy
AntiVegan,,My vegan friend has gone off the deep end. He thinks this is healthier than eating normal.,t2_qk48hchz,0.95,141,1707502292.0,1707502292.0,61,Arcaneheir,1amukxi
AntiVegan,,How is this allowed? ,t2_z6vn7wdnz,0.95,146,1736402621.0,1736402621.0,40,throwaway-aagghh,1hx6cor
AntiVegan,"Hi all, I'm new here. I just want to share my personal story that traumatized me about veganism. I have a wife, she is vegan and anti-onion.

I was diagnosed Lymphoma (a type of blood cancer) in December 2023 (you can see some of my post on lymphoma reddit community), and need to have chemotherapy. My chemotherapy began in February 2024.

My oncologists said that no vegan thing especially during chemotherapy period, and I need to eat meat especially chicken or fish meat, less red meat (eating vegetables or fruits is okay but must also eat meat). But I had clash with my wife, because she insisted that I must be vegan to cure the cancer without giving any (no) proper medical research. My oncologists said that there are many chemo patients that need blood infusion or lower survival rate because of low HB (Hemoglobin), eating too low meat and too much vegetables or fruits, the risks were told and it is my decision. But my wife insisted that I should not hear the doctor, the doctors or other medical professionals would not accept vegan things. Then my decision was that I heard what oncologists said.

She is mad, and she never accompany me during chemo treatments, she only sent vegan food during chemo days.

The results of my decision are: my PET Scan (August 14th, 2024) didn't detect any cancer activities ; I never have blood infusion during chemo treatment, my HB tests are always normal and CBC tests are healed on time, so no delayed chemo.

I met many other patients during these period, I had chitchat with them during waiting for the oncologist, and many of them got bad condition and delayed chemo because they ate too many vegetables and too low meat, just like what oncologists said, because many of them had very limited money.

And, before my first chemo, I consumed many herbal medicines (not from medical professionals) from my wife, and the result was the cancer wasn't shrinking and the symptoms became bad and severe (more bloody coughing).

I then think, if I follow my wife, my condition might be bad like these people. I'm grateful that I choose the right decision, and I get remission. Now, I'm thinking of having divorcement with her, I disliked her vegan extreme principles that didn't think about humanity.

How do you think, guys?",Almost Died because of Vegan Extrimist,t2_ipdmaugc,0.96,142,1725501298.0,1725501298.0,71,jonas-huang,1f9ayr3
AntiVegan,,Vegans really tend to be mentally unstable huh ?,t2_ci6l2qvjh,0.95,136,1736173264.0,1736173264.0,66,GregoriousT-GTNH,1hv03b3
AntiVegan,"Why is every vegan a self righteous asshole? Yes I am vegan because demons and not because of evidence showing vegan diet is unhealthy. Doesn't get any better than this. What is worse is these fuckers get upvoted by people who likely aren't even vegan, but simp for vegans anyway.",This is why I hate Vegans ,t2_udrldx95,0.94,140,1720983474.0,1720983474.0,41,DestroyTheMatrix_3,1e3a11n
AntiVegan,,Vegan cavemen tho,t2_93gl4kg6,0.95,138,1715418633.0,1715418633.0,14,sarcastic_simon87,1cpdcg0
AntiVegan,,Vegans desperately try to convince you that this rubbery blob is just like a real steak,t2_6q7rv,0.97,138,1709924366.0,1709924366.0,95,ToWelie89,1b9w39o
AntiVegan,,Vegans are so funny. ,t2_4hpadjep,0.99,136,1735125475.0,1735125475.0,28,WeldFrenzy,1hlyz3k
AntiVegan,,🤣🤣🤣🤣enlarge it ,t2_ob3y1wxo,0.97,136,1720637173.0,1720637173.0,22,Wild-Departure7290,1e03jfa
AntiVegan,,Anyone Else Think That Withholding Micronutrients From Your Baby Is Child Abuse?,t2_7gpmgdl4x,0.96,132,1709344962.0,1709344962.0,39,Sernie_Banders_FE,1b4ckhz
AntiVegan,,Demand Couldn't Be Any Lower,t2_7uokzadj,0.98,135,1706914930.0,1706914930.0,9,New_Welder_391,1ahgzki
AntiVegan,,Any vegans here? :D,t2_nhi339m8,0.98,135,1736132598.0,1736132598.0,7,WildHarpyja,1hup6cy
AntiVegan,,Vegan Dating Strategy: Go after younger girls cause they're easier to manipulate into veganism,N/A,0.96,135,1729966672.0,1729966672.0,15,N/A,1gcrbor
AntiVegan,,List of vegans' contributions to mankind,t2_l6uu1b964,0.97,134,1716942033.0,1716942033.0,10,DeepCleaner42,1d2z0qt
AntiVegan,,Legendary comment ,t2_bc585468,0.97,132,1731251310.0,1731251310.0,6,ShinyTinyWonder38,1go2oce
