subreddit,selftext,title,author_fullname,upvote_ratio,ups,created,created_utc,num_comments,author,id
veganrecipes,"
First recipe out of Brian Watsons (Thee Burger Dude) Vegan Fast Food cookbook. Absolutely incredible! Truly brought me back to 1985 and eight-year-old me sharing a big Mac with my grandma! 

Highly recommend this book if you ever get hand greens for fast food, but want to control how it’s made . 

https://theeburgerdude.com",“We Have McD’s at Home”- Cruelty Free Style,t2_s0rrbb32,0.88,4818,1736644224.0,1736644224.0,146,Bayaco_Tooch,1hzb4do
veganrecipes,,The prettiest and ugliest vegan cake I’ve ever made,t2_ir6h9,0.97,1927,1718712697.0,1718712697.0,87,Thelocust337,1dip4zu
veganrecipes,"ingredients:
2 cans coconut milk 
2 cups cashews soaked overnight
Half a beetroot 
2 teaspoon vanilla
300 gram digestive biscuits/ cookies
200 grams melted vegan butter
4 teaspoons agar powder
1/2 cup water
1/2 cup plant based milk

Method
https://www.instagram.com/reel/CzB99IlqmjA/?igsh=MWpvM3c4N2gwNGNsMA==

follow for more vegan recipes.

 #vegancheesecake #vegancheesecakerecipe #howtomakevegancheesecake",Strawberry vegan Cheesecake,t2_d0cb36ko,0.98,1527,1728984594.0,1728984594.0,45,UncleLousKitchen,1g43p25
veganrecipes,,"I sold these cupcakes at a vegan holiday market last weekend, and people thought they were real ornaments 😹",t2_eznaj,0.99,1374,1734197808.0,1734197808.0,47,vegandollhouse,1he7yqg
veganrecipes,"[Full recipe available here.](https://www.plantifulpalate.com/post/vegan-ravioli)


Ingredients:

For the Ravioli Dough:

- 300g all-purpose flour
- 100g semolina flour
- 1 tsp salt
- 200ml warm water
- 2 tbsp olive oil

For the Ravioli Filling:

- 200g firm tofu, crumbled
- 2 tbsp nutritional yeast
- 1 clove garlic, minced
- 1 tbsp lemon juice
- Salt and black pepper, to taste

For the Roasted Red Pepper Sauce:

- 3 large red bell peppers
- 2 tbsp olive oil
- 1 medium onion, finely chopped
- 3 cloves garlic, minced
- 200ml vegan cream cheese
- 1 tbsp nutritional yeast
- 1 tsp smoked paprika
- 1 tsp dried oregano
- Salt and freshly ground black pepper, to taste
- 1 tsp lemon juice

For Garnish:

- Fresh basil leaves, chopped

Method:

1. Preheat your oven to 200°C. Cut the red bell peppers in half and remove the seeds and membranes. Place them on a baking tray lined with parchment paper, cut side down. Roast for 20-25 minutes, or until the skin is charred and blistered. Once roasted, place the peppers in a bowl and cover with cling film for 10 minutes to steam. Peel off the skin and set the roasted peppers aside.

2. In a large frying pan, heat 1 tablespoon of olive oil over medium heat. Add the chopped onion and sauté for 5-6 minutes until softened and translucent. Stir in the minced garlic and cook for another 1-2 minutes until fragrant.

3. Add the roasted red peppers to a blender, along with the sautéed onion and garlic. Spoon in the vegan cream cheese, nutritional yeast, smoked paprika, and dried oregano. Blend until the mixture is smooth and creamy. Season with salt, black pepper, and lemon juice to taste.

4. To make the ravioli dough, combine the all-purpose flour, semolina flour, and salt in a large bowl. Make a well in the centre and add the warm water and olive oil. Mix until a dough forms, then knead on a floured surface for 8-10 minutes until smooth and elastic. Wrap in cling film and let it rest for 20 minutes.

5. While the dough is resting, prepare the filling. In a medium bowl, combine the crumbled tofu, nutritional yeast, minced garlic, lemon juice, salt, and black pepper. Mix well until evenly combined.

6. Once the dough has rested, divide it into two equal portions. Roll each portion out on a floured surface until it is very thin (about 2mm thick). Place small spoonfuls of the filling, about 4cm apart, on one sheet of the rolled dough. Place the second sheet of dough over the top, pressing around each mound of filling to seal. Use a knife or ravioli cutter to cut out individual ravioli pieces, ensuring the edges are sealed well.

7. Bring a large pot of salted water to a boil. Cook the ravioli in batches for 3-4 minutes, or until they float to the surface. Drain and set aside.

8. Pour the blended roasted red pepper sauce back into the frying pan and warm it over low heat. Add the cooked ravioli to the sauce, gently tossing to coat each piece in the creamy sauce.

9. Divide the creamy ravioli between four bowls. Garnish with chopped fresh basil leaves for a burst of colour and flavour.
",Red Pepper Vegan Ravioli,t2_2t7zs0u,0.99,1353,1732379930.0,1732379930.0,28,Whiterabbit2000,1gy3qeq
veganrecipes,,Marry Me Tofu (updated!),t2_e863a,0.96,1336,1732980967.0,1732980967.0,53,SpiffyArmbrooster,1h3f2qb
veganrecipes,"If you have a rice cooker, rinse your sushi rice until it runs clear and then put in a splash of rice wine vinegar, a tablespoon of sugar, and a little salt. Otherwise, stovetop is fine. You're going to want a short grained rice.

The filling I did today was five spears asparagus, a small sweet potato, and avocado. I cooked up the sweet potato matchsticks and asparagus in a skillet while my eel sauce was reducing.

Eel sauce: equal parts soy sauce, sugar, and mirin. Just simmer until thick. 1/4 cup of each will perfectly fit in a soy sauce dish and is probably enough for 2 or even 3 people.

Put down some aluminum foil in a baking tray and spread the prepared rice on it to quickly cool.

You can watch a quick YouTube video on how to roll them, but I'll explain anyway. You can get a cheap bamboo rolling mat if you make it a lot, but for years I just used a bit of plastic wrap. Put rice on most of the nori (shiny side down) leaving 1/2 inch plain on the end. Lay filling in a line down the middle. Roll the nori over the filling, then complete the roll and shape evenly with slight pressure. Use a large serrated knife to cut it in a gentle sawing motion. If you want to use a non serrated knife it needs to be really sharp. The thing to do is to lightly cut into the wrap a little before you add more pressure. It'll make sense when you do it.

Bonus: crunchy stuff is just panko toasted in vegan butter. You can do spicy mayo with just sriracha and vegan mayo, but go heavy on the sriracha. You can get wasabi and pickled ginger online if your store doesn't sell it.

For those who want to know, the sushi pictured was 800 calories and 17 grams of protein.

All this to say, once the rice is ready it'll take 5 to 10 minutes to prepare. I made 2 cups of rice for 3 rolls, but didn't use it all. Also, not pictured are all the end pieces I ate while I was making it.

",Vegan sushi is really easy! I make it once a week,t2_atoloosi,0.99,1264,1733685056.0,1733685056.0,50,Chamomile_Tisane,1h9q8bo
veganrecipes,,Very happy with how my Mother’s Day cookies turned out,t2_ir6h9,0.99,1235,1715458835.0,1715458835.0,55,Thelocust337,1cpq9b8
veganrecipes,,Italian wedding soup - but vegan!,t2_e863a,0.97,1108,1731016842.0,1731016842.0,34,SpiffyArmbrooster,1gm2fcj
veganrecipes,,scalloped potatoes for Thanksgiving (or whenever),t2_e863a,0.98,1105,1732484802.0,1732484802.0,43,SpiffyArmbrooster,1gz2h83
veganrecipes,,Vegan Drunken Noodles,t2_jmeeoj4x,0.98,1019,1737132799.0,1737132799.0,47,TheseVeggieDelights,1i3kud8
veganrecipes,,Tofu Fries,t2_4eqhs,0.95,956,1723812592.0,1723812592.0,53,lnfinity,1etnxni
veganrecipes,,Accordion Potatoes,t2_4eqhs,0.98,881,1728048471.0,1728048471.0,36,lnfinity,1fvz4x1
veganrecipes,,Crispy Tofu Katsu. Super versatile and super crunchy!,t2_e863a,0.99,844,1725204254.0,1725204254.0,19,SpiffyArmbrooster,1f6h1rw
veganrecipes,,Some rice rolls I made to decorate the grazing table I made for a Halloween party. ,t2_9enrxv79,0.99,832,1727862383.0,1727862383.0,11,motherofgrom,1fuccg2
veganrecipes,"These loaded vegan chili cheese tater tot bites are everything you love about chili cheese tots, but bite-sized! Perfect for parties, game days, or even as a fun family dinner! ",me and my cupcake tray all season long 🤝,t2_89eixx33,0.98,779,1727632803.0,1727632803.0,41,eat_figs_not_pigs,1fsagw5
veganrecipes,,Vegan Ube Cake,t2_73flrnsq5,0.99,761,1723840176.0,1723840176.0,27,Veggie-Lover-2027,1etz3td
veganrecipes,"We’re a family of 6 vegans (my parents, 60 and 65, my sister and her boyfriend 33 and 35, me and my husband 30 and 35), and we loooove to cook ! 

✨ So here is our vegan menu for Christmas: 

- appetizers : 
. Homemade vegan blinis, smoked carrots and herb cream 
. Homemade fig and walnut sourdough bread to pair with vegan « foie gras » 
. And with fish style rillettes (tofu based) 

- main courses : 
. Homemade Seitan roast with white wine and shallots sauce 
. Homemade Duchess potatoes 
. Roasted carrots with herb cream 
. Salad 

- dessert : 
. Chocolate praline pear Yule log 😍🤭

For the next day, we made a huge brunch with homemade chocolate sourdough bread, scrambled tofu, potatoes, fruits… 

We were planning to do the « faux gras » recipe from La Petite Okara but we were missing some ingredients. So finally, all the recipes were from the website elinestable.com 💕",My vegan Christmas menu for inspo ✨,t2_12onfzu9u6,0.99,764,1735428685.0,1735428685.0,36,ElineBonnin,1hoiehf
veganrecipes,this recipe is one of my fave ways to use up the abundance of squash we always have in the summer :) ,creamy zucchini pasta ,t2_89eixx33,0.98,740,1724169340.0,1724169340.0,41,eat_figs_not_pigs,1ewz7mt
veganrecipes,"[Full recipe available here](https://www.plantifulpalate.com/post/homemade-vegan-gnocchi)

Ingredients:

For the Gnocchi:
- 1kg floury potatoes (e.g., Maris Piper), peeled and boiled
- 200g plain flour, plus extra for dusting
- 1 tsp salt

For the Tomato Sauce:
- 2 tbsp olive oil
- 1 large onion, finely chopped
- 3 garlic cloves, minced
- 1 tsp ground cumin
- 1 tsp smoked paprika
- 1/2 tsp chilli flakes (optional)
- 400g canned chopped tomatoes
- 2 tbsp tomato purée
- 1 tsp sugar (optional, to balance acidity)
- Salt and freshly ground black pepper, to taste

For the Plant-Based Cream:
- 150g unsweetened plant-based yoghurt (e.g., coconut or soy)
- 1 tsp lemon juice
- 1/4 tsp garlic powder
- Pinch of salt

For Garnish:
- 2 tbsp fresh parsley, chopped
- Freshly ground black pepper

Method:

1. To make the gnocchi, start by peeling the potatoes using a vegetable peeler. Rinse them under cold water to remove any residual starch. Place the peeled potatoes in a large pot and cover with cold, salted water. Bring to a boil and cook for 15-20 minutes, or until the potatoes are fork-tender but not falling apart. Drain the potatoes and let them sit for a few minutes to release excess steam. Mash the potatoes using a potato ricer or masher until completely smooth, ensuring there are no lumps. Allow them to cool slightly. Gradually mix the flour and salt into the mashed potatoes, adding a little at a time, until a soft dough forms. Knead the mixture gently until it forms a soft dough. Avoid overworking the dough to keep the gnocchi light and fluffy.

2. Divide the dough into four portions. Roll each portion into a long rope about 2cm in diameter, then cut into 2cm pieces. For a classic gnocchi texture, press each piece gently with the back of a fork to create ridges. Dust with a little flour to prevent sticking.

3. Bring a large pot of salted water to a boil. Add the gnocchi in batches and cook until they float to the surface, about 2-3 minutes. Remove with a slotted spoon and set aside.

4. For the tomato sauce, heat olive oil in a large frying pan over medium heat. Add the chopped onion and sauté for 6-8 minutes until softened and translucent. Stir in the minced garlic and cook for an additional 1-2 minutes until fragrant.

5. Add the ground cumin, smoked paprika, and chilli flakes (if using) to the pan, stirring to coat the onion mixture. Cook for 30 seconds to release the spices’ aromas.

6. Stir in the canned tomatoes, tomato purée, and sugar (if needed). Season with salt and black pepper. Simmer the sauce over medium heat for 10-12 minutes, stirring occasionally, until it thickens slightly and the flavours meld together.

7. While the sauce simmers, prepare the plant-based cream by whisking together the yoghurt, lemon juice, garlic powder, and a pinch of salt in a small bowl. Set aside.

8. Add the cooked gnocchi to the tomato sauce, stirring gently to coat them evenly. Simmer for an additional 2-3 minutes to warm through.

9. Transfer the gnocchi and sauce to serving bowls. Add dollops of the plant-based cream on top and garnish with fresh parsley, a drizzle of extra virgin olive oil and a generous sprinkle of freshly ground black pepper.

10. Serve warm and enjoy!
",Home-Made Vegan Gnocchi,t2_2t7zs0u,0.99,680,1736012842.0,1736012842.0,15,Whiterabbit2000,1htjug6
veganrecipes,t,Tofu Piccata,t2_89eixx33,0.98,693,1737569190.0,1737569190.0,31,eat_figs_not_pigs,1i7hidf
veganrecipes,"Discover the exquisite fusion of flavors in Asian cabbage rolls, a delightful culinary adventure awaits!
",Asian Cabbage Rolls,t2_85vzteoa,0.99,663,1728847714.0,1728847714.0,14,blessmyfoodbypayal,1g2xo6c
veganrecipes,,I won a pie contest! 1st place!,t2_ef8zv,0.99,653,1717789708.0,1717789708.0,75,lilamoi,1dajya4
veganrecipes,,Vegan Tiramisu,t2_d652tg2d,0.99,639,1734614288.0,1734614288.0,20,serenetrail,1hhsp4z
veganrecipes,,Vegan Mac And Cheese,t2_d652tg2d,0.98,638,1732211894.0,1732211894.0,36,serenetrail,1gwln8i
veganrecipes,,Creamy Peanut Miso Ramen,t2_4eqhs,1.0,634,1730989670.0,1730989670.0,25,lnfinity,1glrode
veganrecipes,,Vegan Cannoli,t2_6c9brdzy,1.0,619,1734441936.0,1734441936.0,20,MsStephSunshine,1hgajun
veganrecipes,,the FLUFFIEST vegan cinnamon rolls you’ll ever have,t2_e863a,0.97,611,1731597285.0,1731597285.0,25,SpiffyArmbrooster,1gr6zvh
veganrecipes,Recipe here: https://givemethevitamins.com/silken-tofu-chocolate-mousse/,Have been enjoying this silken tofu chocolate mousse on repeat lately ,t2_172c4bbu4u,0.99,603,1737225906.0,1737225906.0,30,givemethevitamins,1i4ea7z
veganrecipes,,High protein creamy tomato and basil beans,t2_4eqhs,0.98,601,1720356544.0,1720356544.0,42,lnfinity,1dxfrdb
veganrecipes,,Vegan Tofu Tikka Masala,t2_sziff,0.98,589,1721934225.0,1721934225.0,42,Cookiliciousveg,1ec30hq
veganrecipes,,parmesan crusted fried artichoke hearts ,t2_89eixx33,0.98,592,1734892944.0,1734892944.0,23,eat_figs_not_pigs,1hk4q5y
veganrecipes,,Taiwanese Popcorn Tofu,t2_4eqhs,0.99,585,1725110751.0,1725110751.0,8,lnfinity,1f5n7wr
veganrecipes,,Garlic Popcorn Tofu,t2_4eqhs,0.99,587,1724938431.0,1724938431.0,13,lnfinity,1f42jzu
veganrecipes,,is chick’n pot pie the coziest meal of all time?,t2_e863a,0.97,583,1732652388.0,1732652388.0,34,SpiffyArmbrooster,1h0lp0e
veganrecipes,,"tis the season for pumpkin bread! took a few tries but we found the perfect combo of fluffiness, structure, and spice 🎃",t2_e863a,0.99,584,1726672364.0,1726672364.0,49,SpiffyArmbrooster,1fjv8ed
veganrecipes,"Kinda Mediterranean flavors. I’m not vegan, but I wanted to try something new. It was great, 10/10 would recommend. Might suggest a different brand of tortilla tho

Salsa: lemon juice, white wine vinegar, white vinegar, salt, pepper, olive oil, cucumber, red onion, thai chilis, basil, parsley, let sit for 45 min

Kidney Beans: rinsed and salted, cumin, paprika, garlic powder, salt, baked at 425, nutritional yeast, 3 spoonfuls of beans into a bowl and mash with some water until creamy, added as base layer on tortilla.

Potatoes: rinsed and salted, left to air dry 45 min, olive oil, salt",Breakfast burrito,t2_kxb0nynv2,0.98,637,1737752891.0,1737752891.0,27,Kalikokola,1i961tl
veganrecipes,,Copycat Olive Garden Vegan Fried Ravioli,t2_sziff,0.99,581,1735492588.0,1735492588.0,12,Cookiliciousveg,1hp0mh1
veganrecipes,,Zesty Herb-Crusted Tofu Cutlets,t2_4eqhs,0.98,580,1735135637.0,1735135637.0,13,lnfinity,1hm1c16
veganrecipes,,Vegan Broccoli Pasta Sauce,t2_4zsg54f3,0.97,575,1727536540.0,1727536540.0,22,Zardyplants,1frgic7
veganrecipes,Fun fact: I enjoy recreating recipes from all across the world and seeing how many different ways I can make it taste good with plants ☺️ consider it my super power lol .. am I the only one orrr? ,Jamaican Lentil “no beef” Patties! YUM. Have you tried it before? 🤤 #vegan ,t2_jzg5ai5vx,0.98,565,1726869540.0,1726869540.0,31,MichelleTheCreative,1flnr7m
veganrecipes,"[Full recipe available here.](https://www.plantifulpalate.com/post/soy-glazed-vegan-cauliflower-wings)

Recipe:
Ingredients:

For the cauliflower wings:
  - 1 medium cauliflower, cut into florets
  - 1 cup plain flour
  - 1 cup water
  - 1 teaspoon garlic powder
  - 1 teaspoon smoked paprika
  - ½ teaspoon salt
  - ½ teaspoon black pepper
  - Oil, for frying

For the sweet and spicy soy glaze:
  - ½ cup soy sauce (use a low-sodium variety if preferred)
  - ¼ cup maple syrup

Method:

1. In a large bowl, whisk together the flour, water, garlic powder, smoked paprika, salt, and black pepper until smooth. The batter should have a thick, pancake-like consistency that clings to the cauliflower florets. Adjust with more water or flour as needed.

2. Pour enough oil into a deep frying pan to cover the bottom by about an inch. Heat over medium-high heat until a small drop of batter sizzles upon contact.

3. Dip each cauliflower floret into the batter, ensuring it’s fully covered. Carefully place the coated florets into the hot oil, frying in batches to avoid overcrowding. Fry for about 5-7 minutes or until golden brown and crispy. Remove with a slotted spoon and drain on a paper towel to remove excess oil.

4. In a small saucepan, combine the soy sauce, maple syrup, sriracha, garlic, and ginger. Bring to a gentle simmer over medium heat, stirring occasionally. Once the mixture is heated through, add the cornflour mixture and stir continuously until the sauce thickens and becomes glossy, about 2 minutes.

5. Transfer the fried cauliflower wings into a large mixing bowl. Pour the hot glaze over the wings, tossing gently to coat each piece thoroughly with the sauce.

6. Serve immediately, garnished with sesame seeds and chopped spring onions for added crunch and flavour. These wings are best enjoyed hot, straight from the pan, while they retain their crispiness.
",Vegan Cauliflower Wings,t2_2t7zs0u,0.99,564,1725446686.0,1725446686.0,28,Whiterabbit2000,1f8q3nw
veganrecipes,"*(c/w: food and cooking noises)* i love smashed potatoes and potato salad, so i figured why not combine the two?! this is easily my new favorite potato salad recipe! ",crispy old bay smashed potato salad,t2_89eixx33,0.97,561,1717607588.0,1717607588.0,25,eat_figs_not_pigs,1d8v8x3
veganrecipes,,Nigerian Fried Rice,t2_4eqhs,0.98,563,1735826475.0,1735826475.0,12,lnfinity,1hrubvt
veganrecipes,"-Mix the zaatar spice mix 50/50 with olive oil. Place your cauliflower on a baking tray and brush with the zaatar spice mix. Bake the cauliflower until it is soft (just poke it with a stick from time to time :) 
-Cut the potatoes into wedges and mix together with the curry powder, paprika powder, garlic powder, salt, pepper and oil and place on a baking tray in the oven.
-For the tahini sauce, mix the tahini, cumin, lemon juice, a little maple syrup, salt, pepper and as much oat milk (or water) until you like the consistency. 
-for the topping, prepare the soy granules according to the instructions on the packet, fry them and season with soy sauce and 50/50 maple syrup. then simply fry the pine nuts. 
-At the end, simply arrange everything on a plate and enjoy :) 

",Baked Cauliflower with zaatar and potato wedges 😍,t2_i4y4v39zg,0.99,558,1729443256.0,1729443256.0,15,charles_bloc,1g838rj
veganrecipes,,Tofu Masala,t2_4eqhs,0.98,562,1726923303.0,1726923303.0,14,lnfinity,1fm2d7x
veganrecipes,"If I’m out of frozen homemade wontons and don’t feel like making more, this soup is a must! ",Deconstructed Wonton Soup,t2_89eixx33,0.97,555,1708016826.0,1708016826.0,19,eat_figs_not_pigs,1arkd7s
veganrecipes,,Tofu!,t2_ardd5s4,0.97,555,1706992499.0,1706992499.0,16,morphmenow,1ai5hzi
veganrecipes,these vegan crab rangood wonton cups have all the crispy and delicious flavors of crab rangoon but made in half the time and with half the effort (since there’s no wrapping required!) 😉 they’re the perfect game-day snack!,vegan ‘crab’ rangoon wonton cups,t2_89eixx33,0.98,557,1728231362.0,1728231362.0,36,eat_figs_not_pigs,1fxk5yg
veganrecipes,Recipe is here: https://holycowvegan.net/vegan-paella/ ,Made vegan paella for NYE dinner. 10/10,t2_a78crnux,1.0,553,1735944245.0,1735944245.0,10,KoYouTokuIngoa,1hszc2n
veganrecipes,"if you don’t have time to roll an entire batch of lumpia, these are perfect!!",Lumpia-Inspired Wonton Cups,t2_89eixx33,0.98,550,1729357378.0,1729357378.0,32,eat_figs_not_pigs,1g7dfjl
veganrecipes,,Homemade Vegan Pizza,t2_6nb6scpb,0.97,542,1711314677.0,1711314677.0,61,OLAO9,1bmvljc
veganrecipes,,Vegan Scalloped Potatoes,t2_d652tg2d,0.99,551,1732451909.0,1732451909.0,20,serenetrail,1gyq1pf
veganrecipes,"if you need a holiday side dish that’s delicious, impressive *and* unique, these French Onion Mashed Potatoes should do the trick 😉",French Onion Mashed Potatoes,t2_89eixx33,0.97,538,1732122886.0,1732122886.0,23,eat_figs_not_pigs,1gvul1u
veganrecipes,,Vegan Pepperoni Made From Seitan,t2_4zsg54f3,0.93,546,1721490739.0,1721490739.0,34,Zardyplants,1e7yqwu
veganrecipes,,My traditional vegan Thanksgiving dinner 🍁🌿,t2_569q1eal,0.99,535,1732722416.0,1732722416.0,14,TheCarrotUnderground,1h17bn2
veganrecipes,,Vegan Butter Bean Stew,t2_4zsg54f3,0.99,534,1729947369.0,1729947369.0,25,Zardyplants,1gckgxs
veganrecipes,,Crispy Fried Potatoes,t2_4eqhs,0.99,530,1727786235.0,1727786235.0,12,lnfinity,1ftn0u1
veganrecipes,"[Full recipe available here.](https://www.plantifulpalate.com/post/vegan-mac-and-cheese)

Ingredients:
* 400g macaroni pasta
* 2 cups unsweetened almond milk (or any plant-based milk)
* 1 cup vegan cheese, shredded
* 1/2 cup nutritional yeast (for added ""cheesy"" flavour)
* 2 tbsp vegan butter
* 2 tbsp all-purpose flour (to make the roux)
* 1 tsp garlic powder (for extra depth of flavour)
* 1 tsp onion powder
* 1/2 tsp smoked paprika (plus extra for garnish)
* Salt and pepper, to taste
* Fresh parsley, chopped (for garnish)

Method:
1. Bring a large pot of salted water to a boil and cook the macaroni until it’s al dente, according to the package instructions. Drain and set aside.
2. In a large saucepan, melt the vegan butter over medium heat. Whisk in the flour to create a roux and cook for about 2 minutes, ensuring it doesn’t brown. This forms the base of the creamy cheese sauce.
3. Gradually whisk in the almond milk, stirring constantly to prevent lumps. Continue cooking until the mixture thickens slightly, around 3-4 minutes.
4. Add the shredded vegan cheddar, nutritional yeast, garlic powder, onion powder, smoked paprika, and a pinch of salt and pepper. Stir continuously until the cheese has melted and the sauce is smooth and creamy. If the sauce appears too thick, you can add a little more almond milk to reach your desired consistency.
5. Stir in the cooked macaroni, ensuring every piece is well coated with the luscious vegan cheese sauce.
6. Transfer to a serving dish and sprinkle extra smoked paprika on top for a touch of colour and heat. Garnish with fresh parsley for a pop of green and serve hot.
",Vegan Mac and cheese,t2_2t7zs0u,0.99,524,1727607483.0,1727607483.0,24,Whiterabbit2000,1fs1rt2
veganrecipes,,Vegan Crispy Butter Beans,t2_4zsg54f3,0.99,524,1728136148.0,1728136148.0,27,Zardyplants,1fwqtyh
veganrecipes,"You won't believe how easy it is to make vegan salmon that's bursting with clean protein and no random ingredients. This recipe is thanks to cooking with Fawn and her incredible ebook on veganising seafood it's a must!

The full recipe and tutorial can be found here [vegan salmon.](https://www.instagram.com/reel/DC9E-X2otX9/?igsh=MXdsNTRpYzRwamc5)

If you are new to my channel please consider following, it's all 100% vegan and I teach the history of each dish so you learn something new each time. 

I'd love to see you there

Here's the recipe.
Marinade: 
1 cup Vegetable Broth 
1 Sheet Nori Finely chopped 
2 Tablespoons Rice Vinegar 
2 Tablespoons Soy Sauce 
2 Tablespoons Sesame Oil 
¼ teaspoon Liquid Smoke (you can use smoked paprika)
3 Slices Beets (for color and flavor) 
1 teaspoon Garlic Powder 
¼ teaspoon Salt 
¼ teaspoon Ground Black Pepper 
2 Tablespoons Light Brown Sugar 
2 Cloves Garlic Crushed 
1 Tablespoon Ginger Minced 
¼ teaspoon Red Pepper Flakes 

Coating: 
1 Sheet Nori Cut into strips roughly the same size as the tofu fillets 
½ cup Cornstarch plus more if needed 

Frying: 2 Tablespoons high heat spray oil 

For simplicity stick all the marinade bits in a blender and I let the tofu soak it up overnight. 

Enjoy. ",It's Vegan!!!!,t2_d0cb36ko,0.96,514,1732882269.0,1732882269.0,31,UncleLousKitchen,1h2kfvz
veganrecipes,,Peanut Tofu Satay,t2_4eqhs,0.97,516,1720877107.0,1720877107.0,19,lnfinity,1e2adix
veganrecipes,,Vegan Salisbury Steaks,t2_d652tg2d,0.98,512,1734359744.0,1734359744.0,17,serenetrail,1hfkg4v
veganrecipes,Instructions and recipe is in the video :) https://youtu.be/hB6FHZZBeBk?si=BxdqnQOIPYUaMsBD,I made these 100%  vegan cookies ,t2_qdz6jy3e,0.94,504,1736296190.0,1736296190.0,34,lucidjulie,1hw6p13
veganrecipes,"Aquafaba instead of egg in box brownies. Did you guys know about this!? Every substitute has never worked with boxed brownies and that's what I was craving. I figured I make a frangipane with aquafaba and it rises beautifully so why not brownies. Guys they've got the shiny top 😭 I followed the recipe and swapped the egg for 3tbsp aquafaba and I'm just gunna go order some bigger pants now. Did the Duncan Hines and the Dolly Parton brands so far and they've both been delicious 

https://imgur.com/a/b0fssnG

Edit:  may not work at high elevation ",I did it ... I cracked the brownie code ,t2_5gjm2pwa,0.98,505,1722518346.0,1722518346.0,82,krabecal,1ehgh7b
veganrecipes,"[Full recipe available here.](https://www.plantifulpalate.com/post/vegan-tofu-jalfrezi)

Ingredients:
- 400g firm tofu, drained and cubed
- 2 tbsp vegetable oil
- 1 large onion, thinly sliced
- 2 cloves garlic, minced
- 1-inch piece of ginger, grated
- 2 large tomatoes, pureed
- 1 red bell pepper, chopped
- 1 green bell pepper, chopped
- 2 green chilies, sliced
- 1 tsp cumin seeds
- 1 tsp ground coriander
- 1 tsp ground cumin
- 1 tsp turmeric powder
- 1 tsp garam masala
- Salt, to taste
- Fresh coriander, chopped (for garnish)

Method:
1. Begin by pressing the tofu to remove excess moisture. Wrap the tofu in a clean kitchen towel and place a heavy object on top for about 15 minutes. Once pressed, cut the tofu into bite-sized cubes and set them aside.

2. Heat the vegetable oil in a large pan over medium heat. Add the cumin seeds and wait for them to sizzle and pop, releasing their aromatic oils. This is your foundation of flavor.

3. Add the thinly sliced onions to the pan and sauté them until they turn a deep golden brown. This caramelization process enhances the sweetness of the onions, balancing the heat of the spices. Next, stir in the minced garlic and grated ginger, cooking until fragrant—about 2 minutes.

4. Pour in the pureed tomatoes, stirring them into the onion mixture. Cook this down until the oil begins to separate from the tomato base, creating a rich masala. This step is key to developing the deep, complex flavors that define a good jalfrezi.

5. Incorporate the ground coriander, ground cumin, turmeric, and garam masala into the tomato mixture. Cook the spices for 3-4 minutes, allowing them to bloom and infuse the masala with their warmth and depth.

6. Toss in the chopped red and green bell peppers along with the sliced green chilies. Stir everything together and let the peppers cook for 5-7 minutes. They should soften slightly but retain a bit of crunch, adding texture to the dish.

7. Gently fold in the tofu cubes, ensuring they are evenly coated with the spiced masala. Allow the tofu to simmer in the sauce for about 5 minutes, soaking up all the wonderful flavors.

8. Adjust the seasoning with salt to taste. Garnish generously with freshly chopped coriander before serving.
",Vegan Tofu Jalfrezi,t2_2t7zs0u,1.0,509,1724938640.0,1724938640.0,28,Whiterabbit2000,1f42mst
veganrecipes, https://www.veganfoodandliving.com/vegan-recipes/vegan-ham-with-maple-glaze/,Tofu 'ham' with maple glaze,t2_xnpm637s0,0.99,502,1731079474.0,1731079474.0,14,livelaughliberate,1gml1w1
veganrecipes,,Soy Sauce and Garlic Noodles,t2_4eqhs,0.97,504,1730034075.0,1730034075.0,12,lnfinity,1gdafs9
veganrecipes,,Gochujang tofu - one of our top recipes of 2024!,t2_e863a,0.98,507,1735682400.0,1735682400.0,15,SpiffyArmbrooster,1hqp2mt
veganrecipes,"[Full recipe available here.](https://www.plantifulpalate.com/post/vegan-pesto-tagliatelle)


Ingredients:

	•	400g vegan tagliatelle
	•	2 tbsp olive oil
	•	1 clove garlic, minced
	•	100g fresh basil leaves
	•	50g rocket (arugula), plus extra for garnish
	•	30g pine nuts
	•	3 tbsp nutritional yeast
	•	100ml extra virgin olive oil
	•	Juice of 1/2 lemon
	•	Salt and freshly ground black pepper
	•	100g sun-dried tomatoes, drained and roughly chopped
	•	80g pitted black olives

Method:

	1.	Bring a large pot of salted water to a boil. Add the tagliatelle and cook according to the package instructions, or until al dente. Once cooked, drain and reserve a cup of the pasta cooking water. Set the tagliatelle aside.
	2.	While the pasta is cooking, prepare the pesto. In a food processor, combine the fresh basil leaves, rocket, pine nuts, nutritional yeast, lemon juice, and minced garlic. Blend until well combined, slowly pouring in the extra virgin olive oil while processing until a smooth pesto forms. Season with salt and black pepper to taste.
	3.	In a large frying pan, heat 2 tablespoons of olive oil over medium heat. Add the drained sun-dried tomatoes and sauté for 2-3 minutes, allowing their flavours to deepen. Add the pitted black olives and stir well to combine, letting them warm through for another minute.
	4.	Reduce the heat to low and add the cooked tagliatelle to the pan. Toss gently to coat the pasta with the sun-dried tomatoes and olives. Add the prepared pesto to the pasta, using a little of the reserved pasta cooking water if needed to help loosen the sauce and ensure every strand is evenly coated.
	5.	Once everything is well combined and heated through, remove from the heat. Serve the tagliatelle in bowls, garnishing with a handful of fresh rocket leaves for an added peppery bite.
",Vegan Pesto Tagliatelle,t2_2t7zs0u,1.0,502,1728477440.0,1728477440.0,6,Whiterabbit2000,1fzqdfz
veganrecipes,"Followed baking hermann’s recipe and a few random youtube shorts of people making this. I have never had much success with dough but this went incredibly well and was much easier than expected! super fun and satisfying to make and I would love to try different fillings, maybe cabbage and onion? 

They freeze beautifully and crisp up really nicely in the air fryer as leftovers. Next time I’m definitely making a double batch to fill the freezer! 
 
https://bakinghermann.com/mhajeb-algerian-stuffed-flatbreads/ ",delicious algerian flatbread (mhajeb),t2_12u073l,1.0,503,1727097312.0,1727097312.0,9,TonsuredPothead,1fnk5wv
veganrecipes,,Creamy Tomato Orzo & Beans,t2_58ntbj4j,0.99,490,1726848379.0,1726848379.0,37,theyummyvegan,1flfntt
veganrecipes,,finally perfected our Orange Tofu recipe! delicious and quick alternative to ordering takeout.,t2_e863a,0.99,495,1720800407.0,1720800407.0,31,SpiffyArmbrooster,1e1lerz
veganrecipes,,Baked Burnout Beans,t2_4eqhs,0.96,489,1727357920.0,1727357920.0,29,lnfinity,1fpweye
veganrecipes,,"Vegan sushi 😍 Panko fried favabean tofu, cucumber, carrot, avocado & spicy mayo",N/A,0.99,492,1707151092.0,1707151092.0,15,N/A,1ajkt6u
veganrecipes,I went to a restaurant earlier this week and their tofu was so incredible and i’ve tried to replicate it by freezing and thawing but it wasn’t the same. Does anyone have any idea of how I can make it the same texture? ,How do I get tofu like this?,t2_5e5an71l,0.96,489,1729686096.0,1729686096.0,102,stow_,1ga96ng
veganrecipes,"*(c/w: food & cooking sounds)* i always make a double batch and store these in the freezer for a quick starter or main meal! anytime i have guests, i make these and they’re always a huge hit!!!! ",Crabless Cakes,t2_89eixx33,0.98,484,1721148317.0,1721148317.0,24,eat_figs_not_pigs,1e4tgit
veganrecipes,"SOY CURLS!

Where have I been?!? Been veg for over 20 years and just discovered these. Yummy! What’s everyone’s favorite way to use these? I just soaked for 10 min, squeezed out water, threw in a pan with some teriyaki sauce and boom… add to broccoli and rice. So good!

Makes me wonder what else I’m missing. If you’re new to being veg, don’t sleep on soy curls - way easier than I imagined ",Don’t be like me and go 20+ years as a vegetarian before discovering …. ,t2_144rft,0.95,482,1714690511.0,1714690511.0,120,SanFranPeach,1citdk0
veganrecipes,,Peanut Miso Cucumber Crunch Sandwich,t2_4eqhs,0.98,476,1725627759.0,1725627759.0,9,lnfinity,1faen02
veganrecipes,,"Vegan Baked Raspberry Cheesecake
",t2_h848k7b71,0.99,474,1730109480.0,1730109480.0,10,Realistic_Exam_900,1gdya7f
veganrecipes,,Jalapeño Tofu,t2_4eqhs,0.98,478,1720097333.0,1720097333.0,16,lnfinity,1dv65ao
veganrecipes, *(c/w: food and cooking noises)* this is inspired by the Parmesan Crusted Chicken from BJ’s Restaurant and Brewhouse…and I think it’s the *perfect* dish to make for Valentine’s Day 💕,Parmesan Crusted Tofu,t2_89eixx33,0.96,471,1707416097.0,1707416097.0,40,eat_figs_not_pigs,1am26f7
veganrecipes,,Tofu Parmesan,t2_89eixx33,0.99,466,1737052182.0,1737052182.0,34,eat_figs_not_pigs,1i2vor9
veganrecipes,"i love lettuce wraps, but hate how mess they can be! these wonton cups are the perfect solution 😏",Lettuce Wrap Inspired Wonton Cups,t2_89eixx33,0.98,467,1729961267.0,1729961267.0,16,eat_figs_not_pigs,1gcpchc
veganrecipes,https://www.veganfoodandliving.com/vegan-recipes/air-fryer-vegan-garlic-dough-balls/,Air fryer garlic dough balls,t2_xnpm637s0,0.99,465,1727276651.0,1727276651.0,8,livelaughliberate,1fp6nj5
veganrecipes,,Buffalo Tofu Sandwich,t2_d652tg2d,0.98,462,1727184642.0,1727184642.0,18,serenetrail,1focjj2
veganrecipes,"Delicious and comes out perfect every time. 

Recipe:
Crust:
200g plain flour
100g vegan block butter (75%+ fat)
25g (2 tbsp) caster sugar caster sugar
1-2 tbsp ice cold water
½ tsp sea salt
Filling:
1L soy milk, organic
170g caster sugar
1.5 tablespoon agar agar powder
2 tbsp (20g) custard powder
45g cornstarch
100g vegan block butter
2 tbsp vanilla paste (at least 2 vanilla beans)
pinch of salt

Bake on 180⁰c  or 355F 

Method and tutorial-

https://www.instagram.com/reel/DADd4QXIIb-/?igsh=Z2dwNHQ1a3B5ZTc2
 ",Parisian Flan,t2_d0cb36ko,0.99,461,1728776356.0,1728776356.0,17,UncleLousKitchen,1g2cvac
veganrecipes,,Tofu Poke Bowl,t2_d652tg2d,0.99,458,1726493768.0,1726493768.0,19,serenetrail,1fi4tg4
veganrecipes,"All right all you weight lifting vegans: here is the easiest high protein plant based calorie dish I can’t believe isn’t absolutely everywhere for a fast and filling food adjacent experience.

One box of vegan chickpea pasta Mac and cheese
A bowl of frozen mixed veggies
Olive oil
Balsamic
Italian seasoning
Garlic powder

While boiling the water for your pasta, put the veggies in a bowl and microwave them until steaming hot. Set the veggies aside to cool. Make the pasta in the water per instructions. Once done, I use a slotted spoon to scoop them over on top of the veggies (no colander to clean!) then add the pack of vegan cheese powder, spices to taste, about 2-4 tablespoons of olive oil and about 2-4 teaspoons of balsamic. Stir until combined.

Want more protein? Throw in some cannellini beans, or beyond sausage.

One pot. 
One bowl.
One slotted spoon.
",Vegan bachelor chow,t2_7ec8nyg3,0.97,456,1734022468.0,1734022468.0,61,HumblestofBears,1hcphe9
veganrecipes,"this mushroom pot pie is the ultimate comfort meal 🙂‍↕️ creamy, savory, and topped with a crispy, flaky crust — it’s perfect for the holidays or a cozy night in 🤝",mushroom pot pie,t2_89eixx33,0.98,458,1730484708.0,1730484708.0,31,eat_figs_not_pigs,1ghbxlp
veganrecipes,"I've seen so many people talk about and request Vegan Shepherds Pie here I figured I'd share the recipe, especially good for those who don't like using processed vegan mince. 

Here's the tutorial
https://www.instagram.com/reel/C_xBna_IBj2/?igsh=MWY3bng1NGhhbWRzdA==

Here's the shopping list.
Recipe for 4 portions:
1 Onion (chopped)
1 Tbsp Crushed Garlic
200g of cooked lentils (tinned is fine)
200g Mushrooms (finely chopped)
1 Tbsp Soy Sauce
1 Tbsp Maple Syrup
1 tsp Dried Basil
1 tsp Dried Oregano
1 Tin chopped tomatoes
1 tbsp Tomato puree
2 large cooked Carrots (can use tinned)
1-2 tbsp gravy granules
I also like half tsp of hot paprika but not required see what you think.

For the Mashed Potatoes:

1kg Potatoes
50 - 80ml unsweetened soy Milk
1 tbsp nutritional yeast
Sea Salt and Black Pepper to Taste
Optional vegan butter. 

180⁰c / 355⁰f until golden on top.",Sheepless Pie,t2_d0cb36ko,0.98,451,1729502197.0,1729502197.0,18,UncleLousKitchen,1g8lfeq
veganrecipes,,"Vegan Ferrero Rocher-Style Chocolate Hazelnut Cake
",t2_h848k7b71,0.99,452,1728464283.0,1728464283.0,19,Realistic_Exam_900,1fzmzsm
veganrecipes,,Vegan Chocolate Frosty,t2_6nb6scpb,0.98,452,1712014394.0,1712014394.0,34,OLAO9,1btjhgq
veganrecipes,"9 grain instan with lentils, quinoa, brown rice, chickpeas roasted in pan with garlic, lemon pepper, vegan chicken boullion, all on top of chopped romaine, chopped sweet peppers, mini cucumber, grape tomatoes, avocado, lemon and lime juice and zest, and homemade vegan ranch. (Ranch mix and plant based heavy cream and plain cashewgurt with lemon juice)",Lunch today,t2_c5h1kdn6,1.0,443,1708376202.0,1708376202.0,20,arangotangtitty,1auyf34
veganrecipes,,6 More vegan meals inspired by medieval civilizations,t2_5m1dvrle,0.99,443,1729086503.0,1729086503.0,26,Farimba,1g4zta4
veganrecipes,,Vegan Halloween Spider Web Cake with Oreo Buttercream,t2_h848k7b71,0.99,446,1727794453.0,1727794453.0,5,Realistic_Exam_900,1ftq25n
veganrecipes,,Cheat's Pad Thai,t2_4eqhs,0.92,443,1721135907.0,1721135907.0,34,lnfinity,1e4ofr4
veganrecipes,,Tofu Bacon Jam,t2_3plicpg6,0.98,443,1733335222.0,1733335222.0,36,BurgerMan420,1h6mk0x
veganrecipes,,Corn Chowder,t2_4eqhs,0.99,441,1725973359.0,1725973359.0,23,lnfinity,1fdhc1g
veganrecipes,,Vegan Stew with Dumplings,t2_4zsg54f3,1.0,442,1728746804.0,1728746804.0,9,Zardyplants,1g22k75
