subreddit,selftext,title,author_fullname,upvote_ratio,ups,created,created_utc,num_comments,author,id
EatCheapAndVegan,,"Random meals my wife has cooked - whole foods, non processed and cheap ingredients",t2_7tcpy9ak,0.94,2563,1706726131.0,1706726131.0,226,Glittering-Poet2020,1afoybe
EatCheapAndVegan,"From Target: 90 second rice $1.59 + low sodium beans $.99 = $2.58. I put these in my space saving silicone collapsible bowl, microwave for 2 minutes and season with apple cider vinegar, hot sauce, ground flax, and nutritional yeast, at a cost of maybe $.25. Changing up the beans, rice and hot sauce keeps it delicious. 




U",I Eat A Version Of This $3 Meal Every Day,t2_cxupa484x,0.98,853,1735429165.0,1735429165.0,84,sleepingovertires,1hoikcg
EatCheapAndVegan,"I’m so proud of me ahah 🤭 

I started with the basic idea I use to plan my weekly meals: 2 seasonal vegetables (squash and leeks), 2 protein sources (tofu and chickpeas), 2 carbs (rice and orzo), and 1 sauce (tahini). 

Then, I mix and match my plates differently every day. Because, yes… I just can’t eat the same thing twice 🥲 It’s my little annoying quirk… but otherwise, I promise I’m super nice!

So, here are the elements to prepare:
•A baking tray with squash, chicken-style tofu, and chickpeas
•A pot of leek fondue
•A tahini sauce
You can also cook the rice and orzo ahead of time like me ! 

Store all the components in separate containers OR assemble your meal boxes however you like.
 Here are my 5 meals using this meal prep: (Of course, you can simplify by alternating Monday and Tuesday’s meals throughout the week.)

- 🍛 Monday: Bowl with chicken-style tofu, roasted squash, rice, mixed greens, and tahini sauce.


- 🍛 Tuesday: Bowl with orzo, leek fondue, roasted chickpeas, and tahini sauce.


- 🌮 Wednesday: Tacos with chicken-style tofu, mixed greens, corn, and tahini sauce.


- 🍲 Thursday: Chicken-style tofu in coconut curry sauce (reheat in a saucepan with coconut milk, curry powder, salt, and pepper), served with orzo and either roasted squash OR leek fondue.


- 🥘 Friday: Hearty soup with the leftovers (heat roasted chickpeas, leeks, orzo or rice in a saucepan with vegetable broth and soy cream).

The recipe for the whole meal prep is on https://elinestable.com 😍",I made my first meal prep for the week in less than 1 hour ,t2_12onfzu9u6,1.0,507,1736786724.0,1736786724.0,19,ElineBonnin,1i0i91t
EatCheapAndVegan,"Fresh produce (especially avocados) are so expensive in the Midwest US right now and I’m so glad the local food bank were stocked with lots of fresh fruit and vegetable options. They also had boxes of beyond sausage so that was a nice find. 

Go to yalls food bank and try it multiple times! There are months where there’s barely anything that’s vegan/accidentally vegan, but this month has lots of staples and this will last our family for a while and definitely helps with the food budget. ",Feeling grateful when the local food bank has tons of vegan options,t2_12jzp4,0.98,490,1723143906.0,1723143906.0,19,ohanali,1enedmg
EatCheapAndVegan,,The tofu goddess continues to smile down upon me,t2_cxupa484x,0.99,477,1736982460.0,1736982460.0,39,sleepingovertires,1i2akej
EatCheapAndVegan,,"A potato, a serrano, an onion, a fistful of kale, and 4 cloves of garlic",t2_qtoq7,1.0,450,1713544089.0,1713544089.0,29,Anonymodestmouse,1c816gc
EatCheapAndVegan,,Spiced Potatoes …,t2_85vzteoa,0.99,400,1728677995.0,1728677995.0,7,blessmyfoodbypayal,1g1j3k3
EatCheapAndVegan,,Delicious Black Bean Soup ,t2_4hdlinyo,0.99,388,1729344836.0,1729344836.0,12,glamyogini,1g791b7
EatCheapAndVegan,"Discover the exquisite fusion of flavors in Asian cabbage rolls, a delightful culinary adventure awaits!
",Asian Cabbage Rolls,t2_85vzteoa,0.97,390,1729113221.0,1729113221.0,11,blessmyfoodbypayal,1g5aaj8
EatCheapAndVegan,"This is nothing like the seitan you find in stores, it looks and tastes almost exactly like a chicken breast, and like tofu it will pick up pretty much any other flavor you add to it. This has become a staple for me, I make a double or triple batch on weekends and it keeps well in the fridge. Best of all, it has a full DV of B12 in one piece!

Credit to Edgy Veg for the base recipe here: https://www.theedgyveg.com/2014/01/20/vegan-buffalo-wings-recipe/ I make a few modifications, and my quantities are for a double batch of ""breast"" size pieces.

**Ingredients**
* 2 cups Vital Wheat Gluten
* 1 teaspoon salt
* 4 tablespoons nutritional yeast
* 4 tablespoons tahini
* 1.5 cups of water
* optional: 2 tablespoons tamari (can sub broth, soy sauce, coconut aminos, or just skip it)

**Instructions**
1. Mix the dry ingredients (VWG, nutritional yeast, salt). The Edgy Veg recipe adds poultry seasoning and onion powder, I skip these to have a more bland final product.
2. Combine tahini in 1.5 cups of water. It helps if the water is warm but cold is fine too.
3. Add the tahini in water mixture to the dry ingredients and stir gently.
4. Once the water is added to the VWG, it will start pulling together into a sticky mass as in pic 3. Knead very gently a few times, just enough to incorporate all the VWG. Knead more for tougher seitan, knead less for softer seitan. Divide the mass into approximately 12 pieces. Take each piece and fold gently a few times until it has a smoothish outer layer.
5. Once each piece is shaped, lay them all into a deep baking dish and cover with water--all pieces should be fully submerged for baking. This takes the place of boiling or simmering in other seitan recipes.
6. Add 1 to 2 tablespoons of tamari, soy sauce, or coconut aminos to make it soy free. This adds a savoriness to the final seitan pieces but you can skip it if you plan to cook it with other sauces.
7. Bake at 350 F for one hour! After an hour, drain off the water and save it to use as homemade broth, and let the seitan pieces cool for a few minutes. You can then use as a chicken replacement in another recipe, or cover and store in the fridge for up to a week.

**Lemon Pepper Marinade**
* zest of one lemon
* juice of two lemons (about a half cup)
* one clove of garlic, minced
* 1/4 cup oil of your choice
* 1/4 cup water
* pinch of salt
* one tablespoon black pepper (this is a lot of peppery flavor, I LOVE black pepper but feel free to use less, or more!)

Combine all ingredients and pour over the seitan pieces. Cover and refrigerate for at least 2 hours, or overnight.

When you're ready to cook the seitan, heat up another tablespoon or two oil over medium heat, and stir fry about 8 to 10 minutes on each side until lightly browned. Serve and enjoy!

This recipe is fantastic for batch cooking, and is endlessly customizable for your preferences. Add seasoning to the dry ingredients, or add a bit more tahini for a more succulent ""breast"" just bake it a little longer to fully cook through, maybe an extra 10 to 15 minutes. You can add barbecue sauce, buffalo sauce, teriyaki, etc. I'm not exaggerating when I say this seitan can take the place of chicken breast in literally any recipe. I've been using it in a lot of recipes my family made before I went vegan and it holds up.

The last slide is nutrition info from Chronometer based on the proportions given above. 135 kcal per piece, and a full DV of B12! I've tried a lot of variations on this, happy to answer any questions. 💚🌱",Basic Seitan Recipe - only 5 ingredients! Plus Lemon Pepper Marinade,t2_rdvc5bo,1.0,380,1729198473.0,1729198473.0,90,cheapandbrittle,1g61666
EatCheapAndVegan,,Vegan Corn Tostadas,t2_sziff,0.99,360,1729703575.0,1729703575.0,24,Cookiliciousveg,1gafwhv
EatCheapAndVegan,,These were overripe bananas before going to air fryer ,t2_85vzteoa,0.97,336,1729365459.0,1729365459.0,26,blessmyfoodbypayal,1g7ge0j
EatCheapAndVegan,,"Soya chunks curry cooked in an onion,tomato gravy
",t2_38yoml,1.0,333,1729908224.0,1729908224.0,18,secondrecipe,1gcaorm
EatCheapAndVegan,"Over the last 15 years, I've rarely been able to make tofu palatable, it always had an intense soy flavor that I despised.

I've spent the last 2 years experimenting with tofu regardless because the 1lb packs are like $1.65 at Aldi, I can't resist.

This last year specifically has been a huge boon to my tofu prep skills. 9 months ago I discovered blanching tofu to remove the soy smell and flavor, and I've steadily been incorporating tofu ever since.

Today, I discovered that even soaking the tofu in heavily salted water overnight will do the same job as blanching. I cubed super firm tofu and soaked it overnight in another product I've always hated; Lawry's seasoning salt lol.

The intense saltiness and sourness of Lawry's makes the intense soy flavor and soy smell basically disappear, the two worlds cancel each other out and it's a beautiful marriage after rinsing.

I LOVE TOFU NOW. Just polished off a big ol sweet potato stuffed with tofu cubes and baked beans lol. I think I'm ready to make tofu my main protein staple for daily meals, which is a *huge* deal.",A former tofu hater is now deeply in love with tofu. ❤,t2_h3eqs,0.97,333,1736567593.0,1736567593.0,38,MuffinPuff,1hyne4e
EatCheapAndVegan,,How vegans can get their protein cheaply: Food's Protein Density vs. Cost per Gram of Protein [OC],t2_p7iribc6m,0.97,317,1708532248.0,1708532248.0,54,James_Fortis,1awg1jb
EatCheapAndVegan,"Today I had my first one and they reminded me of when I was little having frozen burritos with my cousin during summer break. They have tofu, TVP, veggies, black beans and habanero sauce. Lots of protein and flavor, and above all, cheap and convenient ",Frozen Vegan Breakfast Burritos,t2_giwa9eh,0.97,304,1730071084.0,1730071084.0,19,Jerry294,1gdo3aq
EatCheapAndVegan,Not even close to the expiration date. ,Please and Thank You,t2_cxupa484x,0.97,303,1736897046.0,1736897046.0,27,sleepingovertires,1i1jlri
EatCheapAndVegan,,LPT: blended tofu makes the BEST cream sauce,t2_rdvc5bo,0.98,301,1721692648.0,1721692648.0,24,cheapandbrittle,1e9thz3
EatCheapAndVegan,,Moong Dal Chilla | Savory Lentil Pancakes,t2_sziff,0.99,296,1728932556.0,1728932556.0,16,Cookiliciousveg,1g3ns1s
EatCheapAndVegan,"This is a super cheap, quick and filling meal! I always have a bag of potatoes hanging out in my cupboard, so this is a meal I make when I have nothing else planned and want a fast dinner. Kind of like a healthier version of fast food.

Any kind of potato will do, if you want red and starchy or yellow wax potatoes, both are delicious! Boil a pot of water, around 6 quarts if you're making dinner for 2, more if you're serving more people. Roughly chop about 1 lb of potatoes with skin on, no need to peel, and toss into boiling water. Boil for around 15 minutes and test with a fork for doneness. The fork should pass all the way through a potato chunk with no resistance. Once they're cooked through, drain off the cooking water.

To the drained potatoes, add about a half cup of unsweetened plant milk, half cup of nutritional yeast, about 1/4 cup of white vinegar, and salt and pepper to taste. If you have a seasoned vinegar that's even better. Mash with a potato masher, or a large wooden spoon to your desired consistency. Let cool for a few minutes, then serve with tortillas and taco toppings--shredded lettuce, sauteed peppers, jalapenos, onions, mushrooms, rice, etc. Beans are a great addition, but potatoes are an underrated source of protein with 15g per cup!

This is highly customizable to your preferences of course! I tend to leave larger chunks of potatoes but smooth is great too. Add a clove of garlic when mashing the potatoes, or roasted garlic. The vinegar is not really optional though, this is the ingredient that takes potatoes from a side dish to main meal material.",Mashed Potato Tacos,t2_rdvc5bo,0.87,291,1729463604.0,1729463604.0,56,cheapandbrittle,1g8azy2
EatCheapAndVegan,,Delicious Vegetable Curry ! Do you prefer it with rice or naan? ,t2_4hdlinyo,0.99,269,1713626327.0,1713626327.0,36,glamyogini,1c8sges
EatCheapAndVegan,,A pot of ramen with veggies and tofu,t2_38yoml,0.99,264,1723941090.0,1723941090.0,10,secondrecipe,1euwfp2
EatCheapAndVegan,"What I used: One avocado, potatoes, “cheese”, a cooking oil, chilli sauce and some seasonings. 

I chopped my potatoes and boiled them. Then, stir-fryed them with extra virgin olive oil. Added chilli sauce, salt, garlic powder, and some seasonings of my choice that I thought would fit well. Then I added some “cheese” on top and closed the lid. 

Sliced an avocado and seasoned it with salt and pepper. Had it with this cheesy potato wedges like meal I made, served hot. The combination was so good and it was a nice meal 🍲🍴",I’m a broke college student and here’s cheap & easy meal I made! ,t2_vp55ct64q,0.99,249,1714981146.0,1714981146.0,36,luckytips,1cldb16
EatCheapAndVegan,,Vegan Cauliflower Tikka Masala,t2_sziff,0.98,242,1724107778.0,1724107778.0,12,Cookiliciousveg,1ewfoco
EatCheapAndVegan,,"Deep fried vegetables balls - a perfectly crispy outside and a tender, sweet inside. Smash or Pass?",t2_6gyk7gdb,0.98,240,1707592532.0,1707592532.0,23,Cooking-with-Lei,1annwi4
EatCheapAndVegan,,Vegan Chili Garlic Noodles,t2_sziff,1.0,237,1724861872.0,1724861872.0,8,Cookiliciousveg,1f3ec91
EatCheapAndVegan,,Food's Cost per Gram of Protein vs. Protein Density [OC],t2_p7iribc6m,0.97,228,1724155793.0,1724155793.0,41,James_Fortis,1ewtvc4
EatCheapAndVegan,,Hearty Mushroom Stew ,t2_4hdlinyo,0.98,218,1727530959.0,1727530959.0,11,glamyogini,1frel31
EatCheapAndVegan,"Radishes are dirt cheap, but a lot of people don't enjoy how spicy they are, or if you're just looking for a change of pace in your meals try roasting them! You'll be surprised how sweet and juicy they are after a little time in the oven. Pictured is a mix of watermelon and zlata radishes which are very spicy, but this works equally well with the regular red radishes from the supermarket. Chop them into quarters (1 inch pieces for larger radishes) toss with a bit of oil or water, salt and pepper and bake at 375 for about 30 minutes. Stick a knife into a few pieces to make sure they're cooked through, then cool slightly and enjoy. This makes an excellent side dish, and you can add different spices too--thyme is excellent, you can also do paprika or some balsamic vinegar to really dress it up!","Roasting radishes in the oven makes them sweet instead of spicy! If you're not a radish fan, try roasting them and you might be surprised.",t2_rdvc5bo,1.0,214,1732157139.0,1732157139.0,35,cheapandbrittle,1gw5xy1
EatCheapAndVegan,,Tofu butter masala- everything vegan,t2_85vzteoa,0.97,211,1727980718.0,1727980718.0,3,blessmyfoodbypayal,1fveufs
EatCheapAndVegan,,Red kidney beans served with rice - my all time comfort food.,t2_38yoml,0.99,214,1711929676.0,1711929676.0,9,secondrecipe,1bsp4ja
EatCheapAndVegan,,Indian Samosa ,t2_85vzteoa,0.96,209,1730054779.0,1730054779.0,4,blessmyfoodbypayal,1gdi3k6
EatCheapAndVegan,,Whole Onions cooked in luscious gravy,t2_85vzteoa,0.98,210,1734200060.0,1734200060.0,12,blessmyfoodbypayal,1he8ryy
EatCheapAndVegan,"

","PSA: If you're in the US, now is the perfect time to snag those decorative gourds on clearance before stores discard them for the season! They're edible and often taste better than pumpkins!",t2_rdvc5bo,0.88,198,1730661341.0,1730661341.0,36,cheapandbrittle,1giuoza
EatCheapAndVegan,,Delicious broccoli and white bean soup,t2_ryrng,0.99,195,1728835518.0,1728835518.0,14,rparm,1g2t0p0
EatCheapAndVegan,,Delicious Vegan Thai Drunken Noodles,t2_ryrng,0.98,186,1727714597.0,1727714597.0,11,rparm,1ft06ja
EatCheapAndVegan,,Cucumber Salad with Asian Dressing - Smash or pass?,t2_6gyk7gdb,0.96,184,1708375739.0,1708375739.0,17,Cooking-with-Lei,1auy7zb
EatCheapAndVegan,,Copycat Olive Garden Vegan Fried Ravioli,t2_sziff,0.98,182,1735492672.0,1735492672.0,3,Cookiliciousveg,1hp0nl9
EatCheapAndVegan,,Air fryer Mushroom Puffs,t2_ryrng,1.0,181,1729957957.0,1729957957.0,19,rparm,1gco4gg
EatCheapAndVegan,,Garlic Mushroom Pepper Stir fry ,t2_85vzteoa,0.98,178,1725215726.0,1725215726.0,9,blessmyfoodbypayal,1f6ljf7
EatCheapAndVegan,,"Delicious Broccoli, mushroom and tofu stir fry",t2_ryrng,1.0,177,1724256153.0,1724256153.0,5,rparm,1extfcv
EatCheapAndVegan,,Food's Cost per Gram of Protein vs. Emissions (Adjusted for Digestibility) [OC],t2_p7iribc6m,0.98,179,1717156590.0,1717156590.0,25,James_Fortis,1d4ttox
EatCheapAndVegan,"I love making oatmeal for breakfast at work. Rolled oats, whatever fruit you have on hand (apples and blueberries in this case) and any nuts or seeds (walnuts and chopped peanuts here) and anything else you want to add. I tend to add a small punch of salt and find that it really works well. Cheap, healthy, vegan-friendly and tasty!",Oatmeal is underrated,t2_u7e41ra9,0.96,177,1707261423.0,1707261423.0,22,Elitsila,1aknvrg
EatCheapAndVegan,,Delicious Black Beans and Butternut Squash Stew ,t2_4hdlinyo,1.0,174,1728136673.0,1728136673.0,13,glamyogini,1fwr02a
EatCheapAndVegan,"In winter, my husband alwayyyys wants to eat this dish : mashed sweet potatoes and grilled tofu. Here I added salad, zaatar and oignons ! 
And we’re hot sauce lovers with the tofu 🤭",My husband’s favorite dinner ,t2_12onfzu9u6,0.97,171,1737145192.0,1737145192.0,10,ElineBonnin,1i3ppms
EatCheapAndVegan,"Found these while on a shoestring budget, grabbed them up because they looked great and safe, and these are honestly the best instant noodles I've ever had in my life, vegan or otherwise.

There's spice (not spicy spice, but it's there), there's savory, there's a hint of sweet.

If this is just Indonesia's instant noodles, I can't wait to try more of their food! 😍🤤🇮🇩","Thank you, Indonesia!",t2_bfsbagcap,0.95,168,1735119714.0,1735119714.0,27,RetroBratRose,1hlxrq1
EatCheapAndVegan,"Made with 100% whole wheat flour, these pillow soft Garlic Knots are so flaky, buttery, fluffy and just melt in your mouth. 

These are much better than the store bought & makes an amazing pair with roasted or grilled vegetables, soup or pasta.",Garlic Knots,t2_85vzteoa,0.97,169,1728504053.0,1728504053.0,6,blessmyfoodbypayal,1g00mth
EatCheapAndVegan,"I am on SNAP and a beginner cook. I do not think just eating beans and rice every meal would actually workout in the long run. I need ingredients and recipes to live off 100 dollars a month with no money saved over and remain mostly healthy top. I live in an Urban area in the southeast/east coast state I can not give anymore geographic information to strangers. Food banks are not an option for me either. Either I do not know how to expertly work chatgpt or it simply gives terrible advice when prices and costs are concerned. If the taste can be changed from its original form I am happy to eat something with tofu or tempeh. I think the cheapest a small block of tofu can run in my area is $2.19

Thank you any kind redditors who are trying to help me I appreciate you.",Need help living off 100 dollars a month(SNAP) and vegan without solely eating beans and rice,t2_sciriwl01,0.89,166,1720731449.0,1720731449.0,146,Budget-Doughnut5579,1e0zie9
EatCheapAndVegan,,"This whole roasted cauliflower drizzled with aromatic sauce is going to be my Santa rupees for the coming holiday, what’s yours?",t2_85vzteoa,0.97,169,1734374108.0,1734374108.0,17,blessmyfoodbypayal,1hfpyqh
EatCheapAndVegan,,Homemade potato wedges with less oil in the airfryer,t2_38yoml,0.98,166,1735261280.0,1735261280.0,12,secondrecipe,1hn315z
EatCheapAndVegan,,Carrot soup is my favorite cheap meal,t2_8lzzrpl1,0.98,167,1714386853.0,1714386853.0,12,asoupcans,1cfvtg3
EatCheapAndVegan,,Potato and peas curry,t2_38yoml,0.99,164,1732407075.0,1732407075.0,15,secondrecipe,1gydvqh
EatCheapAndVegan,,Air fried tofu cubes,t2_38yoml,0.98,164,1710029111.0,1710029111.0,13,secondrecipe,1bawc94
EatCheapAndVegan,,Vegan Bouillon Powder! Make your own at home from pantry staples,t2_rdvc5bo,0.98,163,1733513109.0,1733513109.0,13,cheapandbrittle,1h89g24
EatCheapAndVegan,To all vegans. Thanks for everything. You're never too old to go Vegan. It's always a great time to choose kindness. For the love of Animals and Mother Earth! Happy Vegan Day! ❤️💖💗,Happy World Vegan Day,t2_xj97i9c,0.98,155,1730495118.0,1730495118.0,9,OrsolyaStormChaser,1ghfwk4
EatCheapAndVegan,,Chickpea curry 😋,t2_atzc4qs00,0.98,157,1725326406.0,1725326406.0,7,LiveAd7611,1f7nju7
EatCheapAndVegan,,Spring Onion Paratha ,t2_85vzteoa,0.99,151,1731786614.0,1731786614.0,7,blessmyfoodbypayal,1gsve22
EatCheapAndVegan,,Crispy Eggplant Fries in Air fryer,t2_ryrng,0.99,151,1725466511.0,1725466511.0,12,rparm,1f8xd52
EatCheapAndVegan,,Vegan Thai Red Curry with Crispy Tofu,t2_ryrng,0.99,145,1720542345.0,1720542345.0,5,rparm,1dz6ozg
EatCheapAndVegan,,Air fryer Roasted Pineapple,t2_ryrng,0.99,146,1729006731.0,1729006731.0,6,rparm,1g4anyh
EatCheapAndVegan,,Cozy Navy Bean Vegetable Soup,t2_25jlop4b,0.98,147,1729873227.0,1729873227.0,9,healthmylifestyle,1gby6po
EatCheapAndVegan,,Gochujang Spiced Brussels Sprouts ,t2_4hdlinyo,0.98,141,1723987616.0,1723987616.0,3,glamyogini,1ev97w4
EatCheapAndVegan,,These are taco shells that I made with tortilla in an airfryer,t2_38yoml,0.99,142,1722733643.0,1722733643.0,11,secondrecipe,1ejj2ol
EatCheapAndVegan,,Stuffed Sweet Potatoes with Lentils,t2_96w8j65p,0.99,140,1731123483.0,1731123483.0,16,IndulgenceCuisine,1gn16ib
EatCheapAndVegan,,"Chickpeas-cucumber-tomato salad for me, cucumber sticks for him",t2_vczliolc,1.0,140,1719928010.0,1719928010.0,10,hydroboywife,1dtm90l
EatCheapAndVegan,,Vegan Thai Peanut Butter Noodles,t2_sziff,0.99,137,1727817330.0,1727817330.0,8,Cookiliciousveg,1ftzc8r
EatCheapAndVegan,,Delicious Dumpling Soup ,t2_4hdlinyo,0.97,140,1728740135.0,1728740135.0,8,glamyogini,1g209mh
EatCheapAndVegan,,Tofu soup I made! ,t2_5npa9,0.99,135,1721129362.0,1721129362.0,8,lampoluza,1e4m934
EatCheapAndVegan,,Tofu tikka 😋,t2_85vzteoa,0.98,137,1729708907.0,1729708907.0,9,blessmyfoodbypayal,1gai2la
EatCheapAndVegan,,Vegan soy curls stir fried with veggies,t2_38yoml,0.99,132,1717886925.0,1717886925.0,8,secondrecipe,1dbezjs
EatCheapAndVegan,more information will be in the comments,Can I get a grocery check? How am I doing? I bought everything here for $49.,t2_bvsfzwkt,0.95,128,1707147586.0,1707147586.0,27,skatetricks,1ajjem4
EatCheapAndVegan,,"Spicy Lentil Sambusas, Air-Fried vs. Oven Baked",t2_18zz5y1xz5,1.0,133,1736114564.0,1736114564.0,6,AspiringSquare,1huinyq
EatCheapAndVegan,,"Tofu Manchurian, a delicious main",t2_ryrng,0.99,129,1727020794.0,1727020794.0,6,rparm,1fmwmmk
EatCheapAndVegan,"
Written recipe (+video)

https://blessmyfoodbypayal.com/railway-style-veg-cutlet-recipe/",These are the typical Indian Railways style Cutlets sold to the travellers across India.,t2_85vzteoa,0.93,130,1714936058.0,1714936058.0,7,blessmyfoodbypayal,1ckyqxm
EatCheapAndVegan," Tofu Butter Masala, vegan substitute of India’s popular Paneer Butter Masala 

Written recipe (+video)

https://blessmyfoodbypayal.com/tofu-butter-masala-recipe/",Tofu butter Masala- everything Vegan 😋,t2_85vzteoa,0.96,130,1721761919.0,1721761919.0,5,blessmyfoodbypayal,1eag91f
EatCheapAndVegan,"For the past 6 months I have been eating peanut butter, oranges, canned vegetables, and sauerkraut with the occasional rice and beans.

I can eat pb every day and still love it, but I wanted to ask if anyone here has a suggestion for something in the same price range and calories. Keep in mind that I can’t cook anything and have no access to a fridge. I don’t actually think there is anything other than pb based on my own search, but you never know..",Cheapest non-refrigerated foods that don’t need to be cooked?,t2_3xkj61uf,0.96,125,1713720917.0,1713720917.0,123,Ray_red517,1c9nmtp
EatCheapAndVegan,,Crispy baked vegan cauliflower bites recipe,t2_11c09e23hc,0.94,126,1727275666.0,1727275666.0,14,JoinYourLife4U,1fp694y
EatCheapAndVegan,,Sichuan Mapo Tofu with Mushrooms,t2_iucwem1q,0.98,127,1709235405.0,1709235405.0,6,BerryBerryLife,1b394ps
EatCheapAndVegan,,Tofu Poke Bowl,t2_ryrng,0.98,127,1727453412.0,1727453412.0,6,rparm,1fqren8
EatCheapAndVegan,"Homemade potato wedges baked in the airfryer. They come out super crispy outside and soft inside. A perfect snack/appetizer.  
",Potato Wedges ,t2_85vzteoa,0.95,124,1726776668.0,1726776668.0,4,blessmyfoodbypayal,1fktt27
EatCheapAndVegan,"Vegan and gluten-free, aloo Gobi is a very popular Indian stir fry side dish, made with cauliflower and potatoes. This is the most common recipe to be eaten as a regular meal paired with chapati/roti/indian flat bread.",Aloo Gobi,t2_85vzteoa,0.96,124,1726433022.0,1726433022.0,4,blessmyfoodbypayal,1fhmote
EatCheapAndVegan,,Delicious Kung Pao Tofu,t2_ryrng,0.99,122,1717256252.0,1717256252.0,5,rparm,1d5ppax
EatCheapAndVegan,,Vegan Jjajangmyeon (Korean Black Bean Sauce Noodles),t2_iucwem1q,0.99,132,1737732457.0,1737732457.0,4,BerryBerryLife,1i8xy3y
EatCheapAndVegan,"I had to unburden my gooseberry bush yesterday as it was nearly snapping with heavy berries.

They aren't as ripe as I would like and quite tangy (but still extremely edible and nice).

I just cooked some in their own juice with a dessertspoon of sugar in a lidded pan.

Whilst they were cooking I used up some out of date ground almonds (saw the bag whilst looking for baking powder and it's still ok to use and I hate food waste), some fat and some sugar by making a quick crumble in the air fryer 

By the time I made a little batch of birds custard with soya milk, it was all ready to eat.

Cheap as chips. Only healthier ☺️

Sorry I've not posted in an age.  Od day life gets in the way but it was also death.  My mojo has gone since I lost my wee little baby, Fudge.

Trying to get the house ready for moving etc has taken my focus instead more recently.

I wish you all a fantastic week 💚","Hi strangers, thought I'd pop by and share a real cheap dish I've just scoffed...",t2_dgy4odpx,0.97,123,1718644200.0,1718644200.0,21,Old-Ticket5983,1di3bgy
EatCheapAndVegan,,Air fried red lentils,t2_38yoml,0.95,120,1736050703.0,1736050703.0,14,secondrecipe,1htxdl8
EatCheapAndVegan,"Half a cup (40 grams) of oats, 10 grams of chia, 50 grams of blueberries and half a scoop (sometimes a bit more) of vanilla protein powder. 
To me this is a perfect breakfast. Is what I eat Monday through Friday as a pre workout meal before I go to the gym. And my coffee ☕️ Saturdays and Sunday I go for more savory meals ","I know it looks ugly, but I love to have this for breakfast ",t2_giwa9eh,0.96,121,1731087140.0,1731087140.0,36,Jerry294,1gmo37k
EatCheapAndVegan,,smashed potatoes in the airfryer,t2_38yoml,0.98,121,1737342298.0,1737342298.0,10,secondrecipe,1i5gm50
EatCheapAndVegan,,Mushrooms 😋,t2_85vzteoa,0.95,118,1734637495.0,1734637495.0,8,blessmyfoodbypayal,1hi1a0z
EatCheapAndVegan,,Obsessed with this easy vegan gravy,t2_25jlop4b,0.97,119,1730751200.0,1730751200.0,12,healthmylifestyle,1gjnz5e
EatCheapAndVegan,,Easy vegan tacos with TVP,t2_38yoml,1.0,122,1730595150.0,1730595150.0,8,secondrecipe,1gib6ga
EatCheapAndVegan,,Aloo Gobi : cauliflower and potato stir fry ,t2_85vzteoa,0.98,118,1735676845.0,1735676845.0,3,blessmyfoodbypayal,1hqn9jj
EatCheapAndVegan,"I know not the best pic but it's got a lot of thick rich flavours and was way better than expected.
Ingredients:
Dark roux (flour and oil toasted in a pan until chocolate brown)
6 cups vegetable stock
2 tablespoons tomato paste,
One whole white onion, diced
Three cloves garlic
Vegan soy sauce
Thyme, oregano, smoked paprika, and chipotle powder. (Alternately use Cajun seasoning and add cayenne until heavily spicy)
Silken or soft tofu.

Cook Three tablespoons of flour with a generous amount of oil in a pot until dark rich brown stirring constantly to prevent burning
Slowly pour in the vegetable stock while whisking, adding in batches and mixing until incorporated then add the tomato paste, dry spices, onion and garlic.
Cook until onions are soft and then taste for spices. Go heavy on the spice as this is meant to be served over rice with tofu. 
Start your rice and turn heat on sauce to low. Gently Add your silken/soft tofu and ensure each piece is fully covered in sauce. Cover the pot and leave on low until rice is ready, then serve. 

",Tofu gumbo was shockingly good,t2_1sj2xpxz,0.97,118,1729396414.0,1729396414.0,12,banatnight,1g7qa2w
EatCheapAndVegan,,Vegan GF Alfredo with mushrooms and broccoli,t2_enx6bhz7,0.99,120,1709348340.0,1709348340.0,7,sheperd_moon,1b4dqsf
EatCheapAndVegan,"I don't know about you, but I am usually broke in January. It just seems like one helluva long month until the next cheque. I am not a great one for New Year's resolutions, because me and the entire boardroom in my head are usually at loggerheads about the starting date. It just never happens in January for me.

I did however start taking stock of my pantry. All those half packets of grains, pulses and freekeh (what was I thinking?) must be worked away before I buy any more dry goods, spices and exotic ingredients. This year is all about saving resources in every way possible! Money, energy, the planet and my sanity. I refuse to confess how many packets I counted today. That long wishlist of recipes have in any case become as obsolete as jogging the memory of why I made those eccentric food purchases in the first place. 
Nope! This is the year of streamlining how I do things in the future. I am trimming down my cooking operations, buying habits and hopefully slimming down my ever expanding waistline. 

There is also a dirty little secret to lay bare! I have an incurable fetish for fresh vegetables, and it has to stop. I simply buy way too much too handle, and I am resisting the lure of their voluptuousness, the shiny bright colours, oh and those crispy greens. Bugger it! I have instituted a new rule: The Holy Trinity is not negotiable - they shall always be readily on hand - carrots, celery and onions. The rest must have a definate plan. No more limp aubergines or wrinkly peppers lurking in a foot deep refrigerator drawer.

So, today another frugal stock clearing recipe for my Italian cooking adventure: 
FRIDGE CLEAR-OUT RISOTTO!
* 1 limp carrot: cut into small dice
* 1 celery stick: cut into small dice
* 1 chopped onion
* half a steamed butternut: chopped up
* garlic cloves finely chopped: quantity of your own discretion. I like a LOT!
* 2 veg stock cubes dissolved in 1 liter of boiling water
* some fresh herbs: I used thyme and bayleaf
* approximately 1 and a half cups of arborio or carneroli rice: if you are skint use plain longrain rice - it also works, and bugger the risotto purists.
* a good glug of EVO or cooking oil.
* salt and black pepper to taste
**** TOP TIP: you can any use other vegetables you have available.
Your Fridge - Your Risotto! Own It!

Prep done, now let's cook!
1. Heat up a good glug of oil in a pot, add the onions and sauté until translucent.
2. Add the rest of the Holy Trinity, i.e. carrots and celery and cook until tender, then add the garlic.
3. Add the raw rice and stir until heated through and well coated with oil.
4. Add some stock just to cover the rice, and let it simmer away. At this point add the butternut or veg of choice and stir through.
IMPORTANT INFO: it takes exactly 35 minutes to cook a good risotto from start to finish.
5. When the stock has been absorbed into the rice, add more liquid to just cover the rice and simmer away, stirring once in a while.
6. Add the fresh herbs and a tablespoon of tomato paste if you like. To me it just enhances the flavour of the butternut, but totally up to you.
7. Keep doing this until all the liquid is absorbed.
8. Dish up and give a swish of olive oil if you want that typical richness so characteristic of a risotto. Not great for the waistline but irrisistably delicious. Season with salt and pepper.
Buon appetito!

ANOTHER TIP: take care adding delicate veg such as peas, asparagus, mange tout, and broccoli. Add them towards the last third of the cooking time. You will want to retain their bright colour and crispness.
",Italian Vegan Adventure #3: Fridge Clear-Out Risotto,t2_1ex746ewla,0.99,114,1735850948.0,1735850948.0,16,Heartbeet_Kitchen,1hs41jx
EatCheapAndVegan,,"zucchini fritters cooked with lentil flour
",t2_38yoml,1.0,118,1736562244.0,1736562244.0,10,secondrecipe,1hylrd9
EatCheapAndVegan,"I have had an issue of ongoing tendinitis(inflamed tendon) in my foot for a few months now and finally feel like I have the mental energy to go beyond just managing the pain when I get flare ups. Part of that is diet, I now can’t eat refined carbs, fried food, drinks with added sugar, red/processed meat(most of the family isn’t vegan so unless my mom made extra when I had no energy, it was either non vegan or go hungry), shortening, lard, or margarine. Please recommend me some meals I can make that don’t have those things in them, they don’t have to include the things in the picture but doing so would be nice as those are what are easily available at the closest store I frequent.","I’m limited in what I can eat rn, please help me figure out what to make!",t2_3xlx6x1n,0.96,113,1736018716.0,1736018716.0,41,celerysoup39,1htm3ss
EatCheapAndVegan,"I feel like textured soy protein is the cheapest ingredient to add to a meal 😍 it lasts forever in your pantry 🤭
So here is my cheap meal idea for whenever I run out of groceries : I make a bolognese with 1 onion, 1 carrot, a little bit of celery (I keep it frozen), textured soy protein, 1 can of crushed tomatoes, salt, pepper, dried herbs and a splash of soy sauce 🌱

Then I boil the conchiglie pasta. In an oven proof pan, I pour a small amount of the sauce, and use the rest to stuff the pasta. Vegan grated cheese if I have it, soy cream, and I broil it for 4 minutes ✨

I have another stuffed shell pasta recipe that I love, with spinach, here : 

https://elinestable.com/recipes/stuffed-shell-pasta-with-spinach",Textured soy protein everywhere 😍😍,t2_12onfzu9u6,0.99,116,1737493030.0,1737493030.0,4,ElineBonnin,1i6t347
EatCheapAndVegan,"I've been using 24-hour, no-kneed dough to make daily mini-baguettes which cost 10-15p per baguette to make. (Flour, salt, yeast, water)
They're great for having with soup, using as sandwiches (self-marinated tofu slices has been a very successful one recently), or just toasting with peanut butter on

They freeze amazingly well

On the days where I've got leftover baguettes, I'll use the dough to make pizza with too - it's such good pizza, so much cheaper than anything you can buy and is much tastier and healthier

I also bulk make pesto and tomato sauces for the bases and freeze them in bags (flat so you can break them up into chunks for meals)

If anyone wants the recipe, it's this:
1. 450g-500g bread flour 
2. A sachet of active yeast (or 1-2 tsp)
3. Some salt (I use 2-3 teaspoons, but do whatever you like)
4. 330ml-350ml of water
5. Mix all ingredients roughly in a bowl, don't need to be fancy with this, just make sure there's no dry bits left
6. Cover and leave between 8-24 hours (I've left it for 48 and it basically turned into sourdough starter)
7. Scrape the dough onto your surface, leaving the air bubbles (use plenty of flour on the surface 
8. Cut into rough baguettes, put onto a tray to bake
9. 220c for 25/26 mins
10. Scrape the surface flour back into the bowl, don't bother washing it up, then add more flour/yeast/salt/water and you've got dough for tomorrow 

At step 7 I've kept some dough back before and used it instead of yeast in the next batch and it made sourdough - bit of a cheats way to do it but works great for a tangy baguette ","Bread and pizza, 10-15p per portion",t2_vbvqlw46,0.98,115,1736212723.0,1736212723.0,8,vgdomvg,1hvfn69
EatCheapAndVegan,,vegan ramen with sriracha tofu and radish kimchi ,t2_4q2pi3mx,0.99,114,1736040504.0,1736040504.0,8,insonobcino,1htu4lq
EatCheapAndVegan,I should practice more to make the stuffing and rolling look better. ,Napa cabbage stuffed with mixed tofu and carrots topped with spicy peanut sauce,t2_c1uhik78,1.0,108,1731113414.0,1731113414.0,13,Homegirl9229,1gmy0dw
